Time(s),Ax(g),Ay(g),Az(g),Gx(°/s),Gy(°/s),Gz(°/s)
0.014976,-0.118,0.317,0.909,-7.271,0.908,-0.763
0.017301,-0.122,0.318,0.906,-7.317,0.854,-0.542
0.019521,-0.121,0.318,0.911,-7.347,0.809,-0.298
0.021754,-0.122,0.321,0.909,-7.317,0.572,-0.58
0.023824,-0.125,0.319,0.908,-7.309,0.801,-0.45
0.025638,-0.117,0.316,0.902,-7.24,0.916,-0.534
0.027409,-0.121,0.313,0.908,-7.507,0.778,-0.534
0.029253,-0.121,0.319,0.909,-7.401,0.885,-0.755
0.031009,-0.121,0.314,0.898,-7.462,0.923,-0.931
0.032805,-0.12,0.319,0.906,-7.111,0.816,-0.496
0.034544,-0.12,0.314,0.91,-7.225,0.648,-0.038
0.036281,-0.121,0.318,0.908,-7.149,0.793,-0.603
0.038069,-0.122,0.314,0.903,-7.263,0.71,-0.809
0.039805,-0.123,0.321,0.91,-7.545,0.763,-0.259
0.041564,-0.122,0.317,0.91,-7.179,0.595,-0.465
0.043300,-0.122,0.315,0.9,-7.469,1.129,-0.71
0.045230,-0.121,0.317,0.91,-7.164,0.9,-0.572
0.046967,-0.125,0.319,0.904,-7.034,0.725,-0.801
0.048725,-0.12,0.317,0.906,-7.347,0.832,-0.626
0.050458,-0.124,0.321,0.907,-7.37,0.671,-0.618
0.052187,-0.121,0.314,0.908,-7.133,0.832,-0.618
0.053967,-0.122,0.315,0.908,-7.408,0.725,-0.679
0.055697,-0.117,0.317,0.904,-7.561,0.748,-0.61
0.057994,-0.118,0.314,0.908,-7.408,0.771,-0.458
0.060380,-0.119,0.314,0.912,-7.332,0.923,-0.542
0.062766,-0.118,0.314,0.899,-7.256,0.847,-0.587
0.065158,-0.117,0.314,0.911,-7.568,0.87,-0.854
0.067495,-0.121,0.318,0.908,-7.355,0.717,-0.61
0.069887,-0.122,0.318,0.91,-7.561,0.587,-0.793
0.072228,-0.124,0.317,0.913,-7.393,0.916,-0.824
0.074592,-0.12,0.315,0.904,-7.668,0.984,-0.664
0.076963,-0.118,0.318,0.897,-7.347,0.847,-0.198
0.079304,-0.121,0.318,0.908,-7.5,0.664,-0.519
0.081673,-0.12,0.317,0.914,-7.141,0.931,-0.587
0.084012,-0.121,0.318,0.908,-7.53,0.832,-0.366
0.086374,-0.118,0.318,0.912,-7.545,0.824,-0.664
0.088743,-0.122,0.317,0.908,-7.591,0.732,-0.542
0.091094,-0.122,0.315,0.905,-7.187,0.778,-0.816
0.093452,-0.116,0.317,0.909,-7.225,1.106,-0.504
0.095804,-0.121,0.319,0.905,-7.401,0.839,-0.359
0.098182,-0.123,0.317,0.905,-7.37,0.893,-0.679
0.100593,-0.119,0.32,0.904,-7.156,1.122,-0.542
0.102929,-0.121,0.321,0.91,-7.133,1.06,-0.504
0.105290,-0.122,0.314,0.913,-7.256,0.832,-0.923
0.107626,-0.122,0.315,0.901,-7.317,0.847,-0.565
0.109986,-0.122,0.317,0.911,-7.622,0.603,-1.053
0.112325,-0.122,0.312,0.903,-7.408,0.725,-0.664
0.114679,-0.12,0.316,0.906,-7.553,0.687,-0.633
0.117039,-0.124,0.317,0.907,-7.523,0.977,-0.74
0.119376,-0.122,0.312,0.904,-7.462,0.687,-0.526
0.121776,-0.12,0.316,0.906,-7.317,0.702,-0.465
0.124116,-0.118,0.315,0.904,-7.271,0.839,-0.496
0.126487,-0.124,0.316,0.91,-6.866,0.626,-0.679
0.128839,-0.121,0.315,0.903,-7.538,0.977,-0.504
0.131173,-0.124,0.321,0.905,-7.385,0.694,-0.389
0.133530,-0.122,0.32,0.901,-7.37,0.687,-0.519
0.135869,-0.121,0.316,0.908,-7.164,0.885,-0.748
0.138238,-0.121,0.317,0.912,-7.477,0.786,-0.732
0.140596,-0.122,0.317,0.911,-7.652,0.587,-0.74
0.142926,-0.121,0.318,0.907,-7.156,0.893,-0.244
0.145276,-0.12,0.316,0.909,-7.37,0.931,-0.412
0.147608,-0.124,0.315,0.899,-7.195,0.816,-0.42
0.149966,-0.12,0.314,0.906,-7.317,0.809,-0.359
0.152292,-0.12,0.32,0.907,-7.233,0.839,-0.465
0.154647,-0.124,0.316,0.904,-7.477,0.801,-0.679
0.157006,-0.122,0.319,0.907,-7.294,0.565,-0.366
0.159334,-0.123,0.319,0.908,-6.828,0.801,-0.854
0.161677,-0.123,0.317,0.906,-7.172,0.916,-0.587
0.164012,-0.122,0.315,0.906,-7.233,0.923,-0.549
0.166367,-0.119,0.318,0.905,-6.859,0.854,-0.381
0.167932,-0.123,0.318,0.907,-7.248,0.954,-0.824
0.168331,-0.12,0.32,0.909,-7.545,0.793,-0.587
0.168737,-0.125,0.319,0.903,-7.446,0.702,-0.717
0.169139,-0.121,0.313,0.908,-7.072,0.557,-0.839
0.169539,-0.12,0.313,0.9,-7.164,0.862,-0.763
0.169967,-0.12,0.314,0.904,-7.622,0.9,-0.618
0.170377,-0.124,0.319,0.901,-7.133,0.755,-0.221
0.192109,-0.121,0.317,0.907,-7.118,0.725,-0.29
0.192523,-0.117,0.316,0.902,-7.225,0.824,-0.763
0.193096,-0.122,0.314,0.903,-7.164,0.854,-0.587
0.193500,-0.123,0.316,0.902,-7.179,1.007,-0.381
0.193906,-0.119,0.321,0.907,-7.301,0.801,-0.237
0.235242,-0.121,0.314,0.907,-7.195,0.893,-0.626
0.235654,-0.124,0.317,0.905,-7.248,0.816,-0.557
0.236058,-0.122,0.316,0.906,-7.225,0.824,-0.542
0.236468,-0.121,0.32,0.906,-7.263,0.854,-0.481
0.236870,-0.123,0.316,0.905,-7.263,0.832,-0.679
0.237274,-0.119,0.315,0.908,-7.278,0.534,-0.488
0.237679,-0.124,0.318,0.91,-7.462,0.816,-0.648
0.278755,-0.124,0.313,0.909,-7.484,0.862,-0.633
0.279160,-0.125,0.318,0.905,-7.278,1.144,-0.748
0.279560,-0.121,0.319,0.907,-7.568,0.755,-0.481
0.279980,-0.123,0.315,0.912,-7.233,0.542,-0.702
0.280383,-0.12,0.316,0.909,-7.195,0.732,-0.732
0.280799,-0.118,0.317,0.905,-7.385,0.694,-0.679
0.281208,-0.123,0.315,0.905,-7.645,0.893,-0.732
0.322355,-0.119,0.316,0.9,-7.195,0.938,-0.603
0.322755,-0.122,0.316,0.906,-7.477,0.87,-0.587
0.323155,-0.122,0.318,0.906,-7.072,0.854,-0.45
0.323554,-0.122,0.316,0.907,-7.126,0.763,-0.435
0.323953,-0.121,0.316,0.905,-7.439,0.717,-0.496
0.324355,-0.124,0.319,0.908,-7.393,0.938,-0.259
0.324767,-0.121,0.313,0.903,-7.05,0.916,-0.465
0.366060,-0.12,0.317,0.913,-7.309,0.961,-0.534
0.366480,-0.123,0.318,0.903,-7.195,0.87,-0.824
0.366881,-0.126,0.318,0.898,-7.431,0.542,-0.755
0.367280,-0.12,0.316,0.901,-6.996,0.793,-0.351
0.367680,-0.119,0.314,0.906,-7.225,0.862,-0.748
0.368086,-0.122,0.314,0.905,-7.439,0.58,-0.404
0.368502,-0.118,0.317,0.906,-7.339,0.977,-0.832
0.409417,-0.117,0.315,0.91,-7.248,0.908,-0.336
0.409817,-0.12,0.317,0.907,-7.164,0.999,-0.549
0.410216,-0.121,0.319,0.904,-7.477,0.74,-0.587
0.410619,-0.124,0.315,0.908,-7.042,0.786,-0.801
0.411018,-0.122,0.314,0.908,-7.5,0.977,-0.618
0.411419,-0.123,0.317,0.901,-7.126,0.938,-0.565
0.411823,-0.124,0.318,0.907,-7.278,0.572,-0.702
0.452997,-0.12,0.314,0.902,-7.195,0.793,-0.336
0.453400,-0.121,0.317,0.907,-6.851,0.595,-0.237
0.453801,-0.122,0.311,0.908,-7.034,0.694,-1.16
0.454201,-0.121,0.314,0.897,-7.339,0.458,-0.275
0.454600,-0.119,0.313,0.912,-7.462,0.603,-0.557
0.455002,-0.123,0.316,0.907,-7.088,0.763,-0.404
0.455405,-0.126,0.317,0.897,-7.401,0.763,-0.656
0.496605,-0.123,0.32,0.906,-7.523,0.9,-0.656
0.497007,-0.118,0.318,0.903,-7.629,1.015,-0.694
0.497404,-0.122,0.316,0.902,-7.523,0.824,-0.366
0.497804,-0.119,0.318,0.907,-7.133,0.816,-0.351
0.498204,-0.12,0.314,0.906,-6.958,0.801,-0.671
0.498605,-0.119,0.316,0.909,-7.347,0.999,-0.504
0.499009,-0.125,0.32,0.902,-7.301,1.144,-0.549
0.540316,-0.121,0.319,0.909,-7.004,0.626,-0.45
0.540733,-0.121,0.317,0.911,-7.355,0.801,-0.71
0.541135,-0.123,0.316,0.906,-7.118,0.893,-0.542
0.541535,-0.124,0.316,0.907,-7.591,1.045,-0.481
0.541935,-0.122,0.316,0.907,-7.416,0.854,-0.671
0.542334,-0.121,0.313,0.905,-7.362,0.839,-0.58
0.542739,-0.122,0.318,0.908,-7.713,0.931,-0.786
0.583799,-0.125,0.318,0.909,-7.019,0.717,-0.534
0.584203,-0.121,0.318,0.902,-7.69,1.114,-0.961
0.584612,-0.123,0.318,0.905,-7.309,0.801,-0.71
0.585010,-0.121,0.316,0.906,-7.294,0.664,-0.664
0.585408,-0.121,0.318,0.909,-7.324,0.633,-0.389
0.585807,-0.119,0.319,0.908,-7.5,0.771,-0.526
0.586210,-0.12,0.315,0.906,-7.195,0.893,-0.404
0.627402,-0.121,0.314,0.908,-7.202,0.809,-0.549
0.627810,-0.12,0.316,0.902,-7.103,1.045,-0.641
0.628210,-0.119,0.321,0.905,-6.989,0.824,-0.633
0.628624,-0.12,0.318,0.911,-7.248,0.71,-0.504
0.629025,-0.126,0.318,0.901,-7.141,0.793,-0.488
0.629423,-0.122,0.317,0.904,-6.973,0.687,-0.824
0.629828,-0.122,0.313,0.902,-7.065,0.717,-0.511
0.670974,-0.121,0.316,0.905,-7.278,0.961,-0.435
0.671376,-0.121,0.319,0.906,-7.462,0.816,-0.969
0.671776,-0.123,0.315,0.906,-7.294,0.801,-0.305
0.672174,-0.119,0.316,0.911,-7.095,0.687,-0.458
0.672580,-0.12,0.317,0.904,-7.072,0.778,-0.443
0.672979,-0.121,0.318,0.911,-7.484,0.877,-0.809
0.673384,-0.118,0.316,0.906,-7.248,0.526,-0.61
0.714846,-0.12,0.316,0.911,-7.507,0.74,-0.725
0.715259,-0.119,0.317,0.907,-7.149,0.549,-0.793
0.715663,-0.122,0.32,0.909,-7.164,0.725,-0.481
0.716066,-0.123,0.316,0.906,-7.446,0.641,-0.557
0.716480,-0.121,0.314,0.909,-7.324,0.679,-0.435
0.716882,-0.123,0.32,0.9,-7.5,0.74,-0.618
0.717291,-0.12,0.318,0.908,-7.072,0.854,-0.504
0.717699,-0.12,0.316,0.909,-7.263,0.816,-0.618
0.758692,-0.122,0.314,0.908,-7.378,0.893,-0.847
0.759099,-0.12,0.313,0.905,-7.462,0.839,-0.435
0.759665,-0.121,0.318,0.91,-7.301,0.9,-0.656
0.760070,-0.121,0.318,0.904,-7.515,0.679,-0.664
0.760482,-0.12,0.315,0.911,-7.385,0.809,-0.557
0.760889,-0.12,0.319,0.906,-7.042,0.832,-0.374
0.761295,-0.123,0.319,0.91,-7.248,0.801,-0.648
0.802274,-0.123,0.318,0.906,-7.339,1.099,-0.74
0.802675,-0.125,0.315,0.907,-7.462,0.633,-0.587
0.803076,-0.123,0.313,0.906,-7.065,0.71,-0.832
0.803476,-0.12,0.316,0.908,-7.103,0.633,-0.443
0.803876,-0.117,0.314,0.916,-7.195,0.801,-0.534
0.804278,-0.124,0.314,0.909,-7.21,0.755,-0.542
0.804693,-0.12,0.314,0.912,-7.202,0.694,-0.511
0.845880,-0.124,0.319,0.906,-7.545,0.931,-0.237
0.846282,-0.122,0.318,0.911,-7.156,0.946,-0.587
0.846683,-0.122,0.316,0.906,-7.37,1.015,-0.069
0.847084,-0.122,0.318,0.908,-7.141,0.748,-0.351
0.847485,-0.123,0.319,0.905,-7.248,0.961,-0.565
0.847886,-0.118,0.317,0.906,-7.088,0.58,-0.603
0.848293,-0.125,0.316,0.909,-7.286,0.465,-0.618
0.889455,-0.121,0.318,0.907,-7.339,0.9,-0.282
0.889859,-0.12,0.317,0.91,-7.477,0.801,-0.626
0.890263,-0.118,0.316,0.907,-7.248,0.74,-0.679
0.890664,-0.123,0.319,0.904,-7.416,0.74,-0.481
0.891065,-0.12,0.321,0.908,-7.088,0.809,-0.542
0.891469,-0.117,0.318,0.908,-7.385,0.999,-0.839
0.891878,-0.12,0.317,0.909,-7.423,0.816,-0.587
0.933055,-0.121,0.318,0.908,-7.538,0.618,-0.603
0.933456,-0.12,0.313,0.906,-7.423,1.091,-0.618
0.933858,-0.123,0.32,0.907,-7.423,0.824,-0.725
0.934257,-0.122,0.316,0.906,-7.08,0.801,-0.359
0.934658,-0.117,0.316,0.913,-7.172,0.786,-0.504
0.935059,-0.123,0.316,0.907,-6.981,0.687,-0.572
0.935469,-0.119,0.314,0.904,-6.905,0.732,-0.259
0.976522,-0.12,0.317,0.907,-7.408,0.755,-0.465
0.976923,-0.118,0.316,0.906,-7.301,0.885,-0.74
0.977324,-0.123,0.315,0.909,-7.385,0.694,-0.435
0.977723,-0.121,0.314,0.905,-7.21,0.481,-0.519
0.978123,-0.122,0.317,0.902,-7.202,0.9,-0.74
0.978523,-0.121,0.318,0.909,-7.187,0.71,-0.618
0.978929,-0.119,0.313,0.908,-7.286,0.923,-0.626
1.020094,-0.12,0.317,0.91,-7.378,0.961,-0.748
1.020502,-0.125,0.316,0.904,-7.324,0.565,-0.496
1.020903,-0.121,0.316,0.906,-7.309,0.71,-0.748
1.021301,-0.121,0.314,0.906,-6.943,0.824,-0.771
1.021700,-0.125,0.318,0.901,-7.378,0.992,-0.519
1.022101,-0.119,0.315,0.906,-7.5,0.87,-0.542
1.022507,-0.12,0.314,0.899,-7.37,0.504,-0.565
1.063696,-0.125,0.314,0.906,-7.401,0.809,-0.626
1.064096,-0.12,0.316,0.905,-7.233,0.9,-0.74
1.064504,-0.123,0.32,0.911,-7.301,0.725,-0.412
1.064903,-0.12,0.315,0.902,-7.629,0.885,-0.778
1.065304,-0.118,0.316,0.907,-7.217,0.725,-0.572
1.065705,-0.123,0.316,0.911,-7.263,1.152,-0.832
1.066108,-0.122,0.32,0.906,-7.462,0.694,-0.519
1.107348,-0.12,0.318,0.909,-7.317,0.839,-0.839
1.107763,-0.126,0.316,0.907,-7.492,0.893,-0.572
1.108167,-0.12,0.32,0.902,-7.309,0.999,-0.336
1.108588,-0.121,0.318,0.906,-7.37,0.694,-0.572
1.108988,-0.121,0.319,0.913,-7.133,0.702,-0.542
1.109390,-0.122,0.318,0.906,-7.454,0.671,-1.03
1.109795,-0.121,0.317,0.907,-7.416,0.847,-0.687
1.150882,-0.118,0.315,0.906,-7.401,0.74,-0.755
1.151284,-0.124,0.313,0.905,-7.202,0.862,-0.854
1.151684,-0.119,0.315,0.912,-7.286,0.793,-0.648
1.152086,-0.122,0.314,0.901,-7.339,0.603,-0.633
1.152494,-0.122,0.313,0.907,-7.507,1.137,-0.641
1.152895,-0.122,0.317,0.908,-7.423,0.633,-0.145
1.153299,-0.12,0.318,0.907,-7.484,0.496,-0.443
1.194600,-0.123,0.318,0.912,-7.339,0.618,-0.435
1.195003,-0.123,0.317,0.91,-7.164,0.839,-0.443
1.195404,-0.123,0.315,0.909,-7.004,1.022,-0.87
1.195803,-0.12,0.314,0.908,-7.233,0.87,-0.603
1.196205,-0.126,0.319,0.903,-7.721,0.793,-0.427
1.196614,-0.122,0.318,0.903,-6.989,0.969,-0.519
1.197019,-0.123,0.318,0.914,-7.431,0.893,-0.748
1.238331,-0.12,0.317,0.907,-7.5,1.152,-0.519
1.238746,-0.123,0.314,0.903,-7.263,0.648,-0.336
1.239148,-0.124,0.319,0.901,-7.339,0.687,-0.336
1.239547,-0.121,0.317,0.899,-7.454,0.816,-0.603
1.239950,-0.121,0.315,0.905,-7.416,0.885,-0.923
1.240350,-0.12,0.316,0.909,-7.011,0.954,-0.443
1.240765,-0.123,0.316,0.901,-7.454,1.099,-0.511
1.241170,-0.123,0.315,0.905,-7.286,0.748,-0.458
1.282290,-0.123,0.315,0.904,-7.477,0.854,-0.534
1.282691,-0.124,0.317,0.904,-7.355,0.717,-0.61
1.283091,-0.124,0.316,0.906,-7.393,0.626,-0.359
1.283490,-0.117,0.319,0.909,-7.141,0.938,-0.534
1.283890,-0.121,0.318,0.912,-7.378,0.847,-0.465
1.284293,-0.121,0.316,0.905,-7.217,0.984,-0.519
1.284707,-0.123,0.315,0.909,-7.454,0.801,-0.336
1.325878,-0.122,0.316,0.907,-7.271,0.847,-0.648
1.326280,-0.121,0.315,0.907,-7.446,0.74,-0.16
1.326681,-0.119,0.319,0.909,-7.721,0.954,-0.862
1.327080,-0.118,0.314,0.91,-7.362,0.61,-0.397
1.327478,-0.12,0.318,0.907,-7.431,0.824,-0.397
1.327880,-0.122,0.319,0.904,-7.088,0.931,-0.702
1.328284,-0.12,0.315,0.9,-7.301,0.824,-0.343
1.369469,-0.12,0.319,0.915,-7.225,0.824,-0.282
1.369868,-0.123,0.32,0.909,-7.317,0.885,-0.366
1.370265,-0.12,0.316,0.909,-7.118,0.771,-0.587
1.370664,-0.122,0.318,0.903,-7.439,0.854,-0.938
1.371062,-0.123,0.319,0.902,-7.378,0.671,-0.565
1.371463,-0.125,0.322,0.903,-7.256,0.816,-0.511
1.371866,-0.124,0.316,0.908,-6.981,0.679,-0.664
1.413061,-0.123,0.317,0.907,-7.301,1.022,-0.557
1.413460,-0.121,0.314,0.907,-7.385,0.641,-0.61
1.413857,-0.124,0.318,0.904,-7.347,0.755,-0.427
1.414254,-0.123,0.315,0.91,-6.874,0.755,-0.336
1.414651,-0.127,0.317,0.905,-7.477,0.854,-0.694
1.415052,-0.122,0.315,0.902,-7.156,0.694,-0.656
1.415454,-0.124,0.314,0.905,-7.317,0.877,-0.664
1.456784,-0.118,0.316,0.908,-7.278,0.648,-0.473
1.457185,-0.125,0.314,0.904,-7.492,0.946,-0.679
1.457584,-0.122,0.316,0.906,-7.248,0.633,-0.656
1.457983,-0.121,0.317,0.909,-7.446,0.748,-0.702
1.458381,-0.117,0.317,0.906,-7.011,0.771,-0.648
1.458780,-0.122,0.317,0.911,-7.172,1.045,-0.679
1.459183,-0.122,0.318,0.91,-7.339,0.916,-0.397
1.500248,-0.124,0.315,0.91,-7.065,0.893,-0.893
1.500656,-0.121,0.314,0.91,-7.416,0.648,-0.534
1.501057,-0.12,0.318,0.907,-7.309,0.595,-0.61
1.501456,-0.118,0.316,0.905,-7.05,0.946,-0.671
1.501853,-0.123,0.315,0.902,-7.416,0.854,-0.694
1.502253,-0.12,0.319,0.907,-7.362,0.938,-0.389
1.502656,-0.119,0.325,0.899,-7.523,0.74,-0.854
1.543851,-0.123,0.318,0.912,-7.088,0.71,-0.755
1.544250,-0.125,0.315,0.909,-7.408,1.198,-0.694
1.544657,-0.119,0.314,0.91,-6.996,0.854,-0.519
1.545057,-0.118,0.316,0.903,-7.126,0.961,-0.42
1.545455,-0.121,0.32,0.904,-7.126,0.87,-0.427
1.545855,-0.118,0.319,0.906,-7.37,0.954,-0.504
1.546258,-0.124,0.317,0.907,-7.294,1.137,-0.435
1.587456,-0.122,0.312,0.907,-6.828,0.839,-0.32
1.587863,-0.118,0.319,0.905,-7.217,0.9,-0.679
1.588265,-0.121,0.32,0.902,-7.248,0.74,-0.832
1.588675,-0.12,0.315,0.906,-7.5,0.549,-0.832
1.589078,-0.12,0.313,0.908,-7.164,0.946,-0.397
1.589480,-0.123,0.318,0.907,-7.08,0.732,-0.16
1.589885,-0.121,0.314,0.909,-7.408,0.816,-0.626
1.631038,-0.124,0.318,0.905,-7.477,0.862,-0.603
1.631440,-0.12,0.316,0.911,-7.256,0.778,-0.404
1.631839,-0.121,0.318,0.908,-7.378,1.091,-0.328
1.632238,-0.121,0.315,0.908,-7.21,1.015,-0.519
1.632644,-0.122,0.316,0.903,-7.286,0.542,-0.572
1.633044,-0.123,0.316,0.91,-7.149,0.816,-0.298
1.633449,-0.121,0.318,0.91,-6.973,0.717,-0.542
1.674510,-0.12,0.313,0.909,-7.324,0.786,-0.74
1.674920,-0.119,0.319,0.908,-7.5,0.816,-0.618
1.675324,-0.122,0.318,0.9,-7.515,0.992,-0.534
1.675729,-0.122,0.316,0.906,-7.385,0.793,-0.557
1.676131,-0.122,0.317,0.908,-7.347,0.74,-0.778
1.676542,-0.118,0.318,0.903,-7.202,0.595,-0.473
1.676948,-0.12,0.316,0.908,-7.278,0.984,-0.9
1.718565,-0.12,0.319,0.901,-7.324,0.679,-0.641
1.720310,-0.12,0.313,0.908,-7.21,0.755,-0.671
1.722111,-0.122,0.316,0.912,-7.423,0.893,-0.809
1.723838,-0.124,0.315,0.907,-7.462,0.946,-0.488
1.725579,-0.119,0.316,0.906,-7.271,0.946,-0.542
1.727300,-0.121,0.317,0.906,-6.958,1.03,-0.366
1.729051,-0.121,0.313,0.904,-7.172,0.847,-0.572
1.730790,-0.119,0.316,0.908,-7.08,1.007,-0.839
1.763646,-0.121,0.318,0.907,-7.423,0.542,-0.473
1.765396,-0.12,0.321,0.912,-7.103,0.87,-0.488
1.767112,-0.12,0.32,0.903,-7.339,0.885,-0.626
1.768844,-0.118,0.314,0.913,-7.263,0.618,-0.992
1.770563,-0.12,0.315,0.904,-7.233,0.648,-0.641
1.772291,-0.124,0.318,0.908,-7.339,0.618,-0.687
1.774047,-0.12,0.313,0.909,-7.469,1.007,-0.145
1.807248,-0.124,0.318,0.909,-7.401,0.664,-0.145
1.809305,-0.12,0.317,0.908,-7.256,0.832,-0.397
1.811036,-0.122,0.319,0.911,-7.378,0.87,-0.839
1.812783,-0.124,0.318,0.904,-7.301,0.916,-0.717
1.814501,-0.123,0.321,0.907,-7.362,1.038,-0.488
1.816232,-0.117,0.319,0.909,-7.355,0.671,-0.702
1.817989,-0.124,0.316,0.906,-7.561,0.954,-0.793
1.849658,-0.119,0.315,0.904,-7.195,0.931,-0.809
1.850097,-0.12,0.315,0.907,-7.385,0.862,-0.763
1.850498,-0.123,0.318,0.909,-7.355,0.694,-0.534
1.850904,-0.124,0.315,0.904,-7.37,0.938,-0.641
1.851302,-0.122,0.313,0.904,-7.011,0.839,-0.519
1.851706,-0.121,0.316,0.907,-7.05,0.595,-0.862
1.852109,-0.123,0.316,0.903,-7.179,0.824,-1.06
1.893242,-0.12,0.313,0.906,-7.225,0.694,-0.435
1.893670,-0.121,0.318,0.911,-7.24,1.175,-0.542
1.894073,-0.123,0.316,0.913,-7.339,0.732,-0.519
1.894476,-0.121,0.317,0.909,-7.248,0.694,-0.572
1.894876,-0.12,0.317,0.904,-7.225,0.847,-0.397
1.895281,-0.119,0.315,0.909,-7.568,0.71,-0.351
1.895686,-0.122,0.319,0.907,-7.469,0.603,-0.32
1.936944,-0.123,0.318,0.909,-7.423,0.702,-0.687
1.937381,-0.118,0.321,0.905,-7.004,0.778,-0.9
1.937783,-0.121,0.317,0.906,-7.156,1.007,-0.916
1.938183,-0.118,0.318,0.903,-7.668,0.862,-0.717
1.938587,-0.122,0.317,0.907,-7.309,0.595,-0.61
1.938989,-0.121,0.315,0.909,-7.446,0.687,-0.267
1.939396,-0.12,0.318,0.908,-7.53,0.435,-0.954
1.980481,-0.117,0.317,0.909,-7.225,1.015,-0.732
1.980917,-0.119,0.316,0.907,-7.019,1.022,-0.534
1.981317,-0.123,0.314,0.913,-7.538,0.885,-0.58
1.981716,-0.124,0.315,0.912,-7.195,0.862,-0.381
1.982115,-0.117,0.315,0.908,-7.324,0.832,-0.809
1.982516,-0.122,0.314,0.899,-7.195,0.71,-0.42
1.982922,-0.12,0.319,0.904,-7.187,0.885,-0.633
2.024151,-0.12,0.317,0.913,-7.133,0.893,-0.633
2.024589,-0.121,0.316,0.907,-7.156,0.801,-0.473
2.024992,-0.12,0.314,0.908,-7.423,1.06,-0.549
2.025392,-0.123,0.316,0.907,-7.439,0.801,-0.694
2.025792,-0.123,0.319,0.915,-7.187,0.999,-0.618
2.026195,-0.122,0.313,0.909,-7.317,1.053,-0.496
2.026602,-0.124,0.317,0.902,-7.378,0.671,-0.16
2.067846,-0.123,0.316,0.906,-7.416,0.504,-0.595
2.068288,-0.118,0.321,0.909,-7.286,0.664,-0.786
2.068710,-0.12,0.318,0.906,-7.118,0.702,-0.443
2.069110,-0.119,0.315,0.908,-7.111,0.847,-0.786
2.069510,-0.122,0.317,0.908,-7.21,1.015,-0.664
2.069911,-0.121,0.313,0.905,-7.484,0.786,-0.549
2.070316,-0.12,0.316,0.912,-7.324,0.694,-0.549
2.111369,-0.121,0.316,0.911,-7.469,0.793,-0.671
2.111800,-0.123,0.314,0.906,-7.507,0.885,-0.435
2.112202,-0.122,0.318,0.904,-7.034,0.893,-0.664
2.112610,-0.124,0.314,0.908,-7.393,0.832,-0.565
2.113012,-0.117,0.321,0.904,-7.179,0.809,-0.412
2.113412,-0.125,0.317,0.912,-7.271,0.809,-0.473
2.113818,-0.117,0.313,0.908,-7.332,0.771,-0.824
2.155025,-0.121,0.317,0.911,-7.187,0.801,-0.389
2.155479,-0.125,0.316,0.898,-7.523,0.862,-0.458
2.155888,-0.119,0.316,0.904,-7.469,0.854,-0.633
2.156296,-0.127,0.317,0.906,-7.248,0.961,-0.793
2.156767,-0.12,0.316,0.902,-7.301,0.931,-0.557
2.157178,-0.122,0.316,0.904,-7.248,0.977,-0.824
2.157586,-0.123,0.321,0.903,-7.332,0.58,-0.366
2.198798,-0.119,0.322,0.905,-7.607,0.71,-0.755
2.200619,-0.12,0.317,0.91,-7.484,0.893,-0.328
2.202348,-0.12,0.316,0.908,-7.103,0.58,-0.633
2.204065,-0.12,0.314,0.904,-7.309,0.755,-0.519
2.205805,-0.122,0.315,0.905,-7.225,0.755,-0.641
2.207525,-0.12,0.315,0.914,-7.248,0.542,-0.504
2.209284,-0.12,0.314,0.906,-7.439,0.839,-0.542
2.242348,-0.122,0.316,0.908,-7.156,0.786,-0.893
2.243950,-0.122,0.314,0.912,-7.576,0.687,-0.664
2.245545,-0.126,0.319,0.907,-7.477,0.801,-0.587
2.247113,-0.122,0.317,0.906,-7.416,0.778,-0.374
2.248710,-0.124,0.322,0.911,-7.118,0.648,-0.366
2.250272,-0.123,0.319,0.906,-7.492,0.74,-0.771
2.251844,-0.123,0.316,0.901,-7.561,0.824,-0.694
2.253449,-0.124,0.312,0.902,-7.271,0.801,-0.717
2.287640,-0.121,0.316,0.909,-7.172,0.923,-0.366
2.289466,-0.123,0.316,0.903,-7.103,0.687,-0.275
2.291255,-0.119,0.316,0.904,-7.599,0.664,-0.595
2.293082,-0.122,0.321,0.908,-7.225,0.877,-0.633
2.294870,-0.123,0.319,0.91,-7.629,0.938,-0.542
2.296706,-0.12,0.318,0.913,-7.324,0.916,-0.641
2.298491,-0.123,0.317,0.907,-7.652,0.893,-0.71
2.331054,-0.121,0.319,0.908,-7.103,0.809,-0.778
2.332927,-0.122,0.319,0.907,-7.309,0.641,-0.641
2.334753,-0.121,0.314,0.906,-7.568,0.908,-0.557
2.336582,-0.121,0.316,0.908,-7.095,0.877,-0.687
2.338370,-0.12,0.314,0.904,-7.172,0.87,-0.519
2.340145,-0.122,0.318,0.9,-7.423,0.893,-0.977
2.341950,-0.121,0.318,0.907,-7.24,0.839,-0.877
2.374556,-0.118,0.312,0.908,-7.332,0.923,-0.671
2.376439,-0.123,0.317,0.91,-7.477,0.908,-0.839
2.378343,-0.12,0.319,0.911,-7.294,0.694,-0.885
2.380158,-0.122,0.316,0.906,-7.202,0.916,-0.679
2.382009,-0.123,0.312,0.908,-7.332,0.778,-0.443
2.383817,-0.123,0.319,0.911,-7.111,0.717,-0.381
2.385678,-0.118,0.316,0.907,-7.263,0.748,-0.641
2.417916,-0.122,0.319,0.902,-7.286,0.87,-0.542
2.419681,-0.119,0.315,0.905,-7.408,0.801,-0.595
2.421446,-0.123,0.32,0.903,-7.202,0.687,-0.412
2.423176,-0.12,0.321,0.913,-7.133,0.984,-0.832
2.424934,-0.121,0.32,0.911,-7.416,0.854,-0.191
2.426664,-0.124,0.318,0.901,-7.523,0.877,-0.572
2.428401,-0.12,0.316,0.908,-7.339,0.778,-0.648
2.461316,-0.122,0.315,0.905,-7.072,0.679,-0.595
2.463043,-0.119,0.317,0.909,-7.362,0.778,-0.252
2.464797,-0.124,0.319,0.906,-7.271,0.694,-0.587
2.466518,-0.124,0.316,0.906,-6.943,0.923,-0.626
2.468239,-0.121,0.314,0.908,-6.989,0.74,-0.153
2.470003,-0.12,0.317,0.904,-7.271,0.694,-0.778
2.471738,-0.119,0.316,0.901,-7.561,0.633,-0.671
2.505038,-0.122,0.313,0.908,-7.126,0.732,-0.435
2.506906,-0.12,0.317,0.915,-7.286,0.999,-0.412
2.508775,-0.116,0.318,0.909,-7.286,0.786,-0.618
2.510587,-0.117,0.313,0.903,-7.362,0.748,-0.748
2.512388,-0.123,0.315,0.907,-7.248,0.977,-0.656
2.514217,-0.123,0.317,0.911,-7.378,0.763,-0.61
2.516041,-0.124,0.32,0.91,-7.462,0.885,-0.435
2.548584,-0.123,0.317,0.91,-7.027,0.748,-0.816
2.550466,-0.118,0.314,0.902,-6.981,0.771,-0.351
2.552241,-0.125,0.317,0.901,-7.011,0.61,-0.633
2.554003,-0.124,0.313,0.908,-7.225,0.847,-0.465
2.555731,-0.12,0.315,0.908,-7.111,0.74,-0.557
2.557488,-0.125,0.318,0.912,-7.103,0.717,-0.938
2.559225,-0.119,0.315,0.907,-7.378,0.992,-0.664
2.591810,-0.124,0.313,0.904,-7.339,0.908,-0.542
2.593567,-0.122,0.317,0.902,-7.111,0.816,-0.595
2.595289,-0.124,0.314,0.91,-7.179,0.793,-0.877
2.597025,-0.122,0.313,0.908,-7.08,0.916,-0.359
2.598748,-0.121,0.315,0.905,-6.966,0.877,-0.435
2.600522,-0.121,0.318,0.905,-7.08,0.725,-0.298
2.602255,-0.12,0.316,0.908,-7.248,0.954,-0.465
2.635191,-0.122,0.314,0.91,-7.378,0.786,-0.687
2.636933,-0.121,0.317,0.903,-7.477,0.809,-0.71
2.638653,-0.121,0.315,0.904,-7.217,0.977,-0.488
2.640375,-0.12,0.314,0.91,-7.347,0.748,-0.671
2.642110,-0.12,0.315,0.91,-7.484,0.58,-0.633
2.643829,-0.119,0.319,0.909,-7.301,0.763,-0.755
2.645581,-0.121,0.313,0.904,-7.5,0.694,-0.74
2.678873,-0.119,0.319,0.909,-7.225,0.809,-0.862
2.680755,-0.117,0.317,0.907,-7.233,0.793,-0.519
2.682517,-0.121,0.315,0.91,-7.347,0.702,-0.801
2.684243,-0.123,0.318,0.902,-7.362,0.954,-0.847
2.685986,-0.121,0.316,0.903,-7.469,0.923,-0.511
2.687709,-0.119,0.319,0.906,-7.21,0.71,-0.496
2.689478,-0.121,0.315,0.911,-7.378,0.916,-0.473
2.722034,-0.122,0.317,0.909,-7.324,0.877,-0.404
2.723758,-0.12,0.317,0.91,-7.088,0.74,-0.74
2.725506,-0.12,0.318,0.911,-7.37,0.923,-0.648
2.727221,-0.121,0.314,0.91,-7.263,0.809,-0.389
2.728958,-0.123,0.312,0.904,-7.37,1.038,-0.557
2.730672,-0.122,0.312,0.907,-7.393,0.847,-0.671
2.732402,-0.12,0.315,0.906,-7.248,0.916,-0.9
2.765757,-0.124,0.318,0.913,-7.24,0.671,-0.801
2.767475,-0.124,0.318,0.912,-7.21,0.885,-0.114
2.769226,-0.124,0.318,0.905,-7.309,0.694,-0.801
2.770945,-0.121,0.316,0.911,-7.553,0.992,-0.671
2.772683,-0.119,0.315,0.904,-7.248,1.091,-0.877
2.774398,-0.118,0.314,0.903,-7.187,0.687,-0.603
2.776129,-0.117,0.316,0.901,-7.324,0.908,-0.351
2.777885,-0.119,0.318,0.911,-7.248,0.534,-0.618
2.810911,-0.123,0.317,0.907,-7.339,0.664,-0.648
2.812655,-0.125,0.318,0.905,-7.439,0.839,-0.58
2.814375,-0.124,0.316,0.909,-7.515,0.816,-0.763
2.816095,-0.122,0.315,0.898,-7.355,1.06,-0.824
2.817841,-0.122,0.317,0.9,-7.301,0.969,-0.206
2.819568,-0.123,0.315,0.906,-7.179,0.961,-0.252
2.821326,-0.119,0.315,0.905,-7.217,0.725,-0.42
2.854393,-0.121,0.316,0.903,-7.301,0.633,-0.465
2.856113,-0.124,0.316,0.9,-7.187,0.885,-0.877
2.857862,-0.122,0.321,0.904,-7.5,0.961,-0.702
2.859580,-0.121,0.317,0.906,-7.271,0.809,-0.496
2.861319,-0.119,0.318,0.903,-7.431,0.671,-0.816
2.863048,-0.12,0.315,0.911,-7.24,0.526,-0.679
2.864802,-0.126,0.318,0.903,-7.286,0.763,-0.565
2.897931,-0.124,0.318,0.907,-7.034,0.687,-0.793
2.899715,-0.126,0.316,0.901,-7.423,0.755,-0.656
2.901532,-0.119,0.317,0.905,-7.156,0.771,-0.511
2.903285,-0.124,0.314,0.906,-7.233,0.778,-0.351
2.905062,-0.124,0.318,0.905,-7.271,0.809,-0.877
2.906816,-0.121,0.32,0.906,-7.423,0.816,-0.587
2.908600,-0.121,0.314,0.905,-7.011,0.725,-0.519
2.941562,-0.118,0.32,0.906,-7.324,0.916,-0.664
2.943365,-0.116,0.317,0.903,-7.507,0.694,-0.656
2.945156,-0.122,0.318,0.904,-7.256,0.778,-0.549
2.946899,-0.125,0.317,0.905,-7.668,0.885,-0.71
2.948659,-0.124,0.314,0.91,-7.294,0.854,-0.671
2.950394,-0.119,0.317,0.905,-7.37,1.007,-0.275
2.952138,-0.124,0.315,0.898,-7.385,0.87,-0.778
2.985259,-0.12,0.319,0.908,-7.301,1.022,-0.603
2.987115,-0.119,0.314,0.904,-7.286,0.74,-0.71
2.988951,-0.12,0.315,0.908,-7.233,0.793,-0.992
2.990730,-0.126,0.318,0.909,-7.393,0.87,-0.679
2.992487,-0.121,0.315,0.906,-7.362,0.786,-0.496
2.994222,-0.119,0.314,0.907,-7.347,0.778,-0.381
2.995968,-0.122,0.32,0.91,-7.53,0.648,-0.992
3.028235,-0.122,0.314,0.908,-7.599,0.763,-0.61
3.029994,-0.123,0.313,0.909,-7.24,0.816,-0.694
3.031710,-0.123,0.316,0.907,-7.523,0.71,-0.42
3.033456,-0.123,0.316,0.906,-7.217,0.771,-0.595
3.035185,-0.12,0.32,0.906,-7.408,0.618,-0.397
3.036931,-0.123,0.314,0.905,-7.164,0.565,-0.488
3.038666,-0.121,0.319,0.907,-7.446,0.74,-0.481
3.071679,-0.119,0.318,0.906,-7.225,1.06,-0.381
3.073428,-0.121,0.319,0.909,-7.462,0.595,-0.542
3.075150,-0.125,0.314,0.903,-7.347,1.122,-0.648
3.076889,-0.123,0.317,0.907,-6.805,0.862,-0.351
3.078611,-0.125,0.318,0.906,-6.981,0.999,-0.71
3.080334,-0.12,0.316,0.906,-7.553,0.664,-0.404
3.082090,-0.119,0.314,0.906,-7.332,1.205,-0.511
3.115158,-0.121,0.319,0.902,-7.294,0.725,-0.534
3.116897,-0.12,0.319,0.906,-7.332,0.755,-0.504
3.118616,-0.119,0.316,0.909,-7.393,0.908,-0.61
3.120336,-0.125,0.316,0.905,-7.53,0.839,-0.542
3.122074,-0.122,0.318,0.903,-6.927,0.778,-0.183
3.123794,-0.119,0.318,0.903,-6.95,0.999,-0.397
3.125551,-0.12,0.313,0.91,-7.301,1.06,-0.839
3.158645,-0.119,0.318,0.905,-7.5,0.511,-0.702
3.160367,-0.122,0.318,0.909,-7.484,0.725,-0.648
3.162112,-0.123,0.317,0.906,-7.202,0.984,-0.336
3.163836,-0.121,0.314,0.912,-7.431,0.793,-0.923
3.165572,-0.122,0.316,0.907,-7.378,0.832,-0.465
3.167290,-0.119,0.316,0.909,-7.492,0.9,-0.603
3.169042,-0.125,0.316,0.914,-7.225,0.725,-0.778
3.202133,-0.12,0.317,0.906,-7.408,0.763,-0.748
3.203855,-0.119,0.316,0.905,-7.21,1.114,-0.259
3.205602,-0.122,0.315,0.912,-7.446,0.717,-0.572
3.207318,-0.125,0.317,0.905,-6.874,0.725,-0.587
3.209094,-0.125,0.314,0.903,-7.233,0.74,-0.717
3.210812,-0.12,0.313,0.91,-7.301,0.771,-0.61
3.212567,-0.122,0.313,0.904,-7.401,0.74,-0.465
3.246008,-0.122,0.315,0.914,-7.034,0.748,-0.214
3.247831,-0.123,0.314,0.904,-7.515,0.71,-0.374
3.249629,-0.123,0.315,0.907,-7.462,1.03,-0.755
3.251381,-0.119,0.317,0.903,-7.545,0.755,-0.687
3.253144,-0.12,0.316,0.907,-7.408,0.755,-0.801
3.254871,-0.122,0.316,0.905,-7.286,0.832,-0.58
3.256635,-0.123,0.317,0.908,-7.286,0.671,-0.557
3.258374,-0.12,0.316,0.91,-7.019,1.015,-0.793
3.291062,-0.12,0.319,0.905,-7.652,0.778,-0.679
3.292913,-0.122,0.318,0.908,-7.408,0.732,-0.381
3.294670,-0.125,0.319,0.904,-7.263,0.717,-0.786
3.296414,-0.12,0.314,0.903,-7.355,0.916,-0.526
3.298162,-0.126,0.314,0.906,-7.217,0.801,-0.725
3.299903,-0.124,0.316,0.912,-7.233,0.793,-0.519
3.301677,-0.12,0.313,0.907,-7.324,0.885,-0.725
3.334393,-0.123,0.314,0.91,-7.477,1.091,-0.389
3.336111,-0.127,0.317,0.908,-7.088,0.786,-0.275
3.337852,-0.122,0.315,0.909,-7.401,0.732,-0.595
3.339570,-0.122,0.315,0.906,-7.469,0.847,-0.71
3.341310,-0.124,0.315,0.907,-7.607,0.793,-0.32
3.343034,-0.12,0.317,0.909,-7.233,0.809,-0.938
3.344786,-0.118,0.317,0.91,-7.149,0.793,-0.71
3.376846,-0.122,0.315,0.905,-7.286,0.877,-0.336
3.377258,-0.122,0.315,0.903,-7.217,0.702,-0.496
3.377663,-0.122,0.318,0.907,-7.53,0.885,-0.87
3.378063,-0.122,0.315,0.904,-7.309,0.74,-0.687
3.378465,-0.121,0.316,0.903,-7.187,0.687,-0.298
3.378868,-0.124,0.315,0.91,-7.095,0.763,-0.755
3.379274,-0.123,0.32,0.907,-7.401,0.809,-0.671
3.420426,-0.121,0.32,0.901,-7.584,0.961,-0.244
3.420842,-0.121,0.319,0.912,-7.37,0.671,-0.717
3.421244,-0.122,0.314,0.908,-7.439,0.931,-0.572
3.421643,-0.12,0.319,0.905,-7.37,0.771,-0.542
3.422045,-0.122,0.313,0.908,-7.118,1.053,-0.542
3.422446,-0.123,0.319,0.901,-7.21,0.763,-0.496
3.422849,-0.125,0.318,0.906,-7.301,0.702,-0.526
3.463860,-0.122,0.315,0.908,-7.278,0.778,-0.504
3.464266,-0.125,0.316,0.903,-7.5,0.755,-0.648
3.464681,-0.12,0.315,0.9,-7.515,0.427,-0.504
3.465081,-0.12,0.319,0.903,-7.133,0.778,-0.374
3.465481,-0.121,0.314,0.905,-7.454,0.557,-0.465
3.465884,-0.123,0.312,0.907,-7.507,0.771,-0.977
3.466289,-0.122,0.317,0.906,-7.561,0.786,-0.32
3.507452,-0.119,0.317,0.903,-7.217,1.053,-1.144
3.507863,-0.122,0.315,0.901,-7.126,0.969,-0.313
3.508268,-0.122,0.317,0.909,-7.225,0.71,-0.473
3.508680,-0.119,0.315,0.908,-7.057,0.74,-0.565
3.509080,-0.122,0.318,0.906,-7.576,0.961,-0.641
3.509482,-0.12,0.319,0.903,-7.088,0.717,-0.763
3.509888,-0.124,0.316,0.909,-7.561,0.9,-0.671
3.551056,-0.12,0.317,0.912,-7.286,0.885,-0.61
3.551462,-0.126,0.318,0.904,-7.431,0.793,-0.9
3.551861,-0.119,0.314,0.906,-7.431,0.778,-0.237
3.552261,-0.12,0.316,0.909,-7.278,0.854,-0.526
3.552671,-0.123,0.317,0.914,-7.195,0.748,-0.404
3.553072,-0.123,0.315,0.904,-7.05,0.916,-0.481
3.553474,-0.12,0.313,0.904,-7.477,0.854,-0.542
3.594769,-0.121,0.313,0.911,-7.034,0.755,-0.679
3.595189,-0.125,0.317,0.908,-7.439,0.671,-0.771
3.595589,-0.121,0.315,0.91,-7.416,1.137,-0.671
3.595996,-0.12,0.317,0.904,-7.156,0.824,-0.648
3.596395,-0.124,0.314,0.904,-7.057,0.87,-0.534
3.596809,-0.124,0.318,0.905,-7.416,0.763,-0.618
3.597216,-0.119,0.316,0.903,-7.179,0.702,-0.481
3.638267,-0.121,0.319,0.91,-7.454,0.992,-0.725
3.638679,-0.119,0.317,0.906,-7.492,0.847,-0.778
3.639077,-0.119,0.316,0.91,-7.103,0.71,-0.359
3.639476,-0.124,0.32,0.908,-7.133,0.854,-0.839
3.639875,-0.122,0.318,0.902,-7.393,0.694,-0.671
3.640276,-0.121,0.315,0.909,-7.378,0.626,-0.809
3.640698,-0.122,0.318,0.91,-7.584,1.007,-0.732
3.681856,-0.119,0.312,0.909,-7.378,0.832,-0.938
3.682271,-0.123,0.319,0.912,-7.317,0.793,-0.679
3.682672,-0.123,0.314,0.907,-7.622,0.832,-0.854
3.683074,-0.119,0.314,0.908,-7.439,0.748,-0.443
3.683472,-0.123,0.313,0.898,-7.584,0.809,-0.557
3.683873,-0.122,0.32,0.908,-7.622,0.969,-0.435
3.684277,-0.12,0.319,0.911,-7.172,0.923,-0.359
3.725447,-0.119,0.318,0.904,-7.446,0.755,-0.572
3.725861,-0.123,0.316,0.9,-7.111,1.06,-0.427
3.726262,-0.121,0.315,0.911,-7.423,0.74,-0.801
3.726662,-0.122,0.317,0.9,-7.301,0.87,-0.511
3.727062,-0.125,0.314,0.91,-7.103,0.71,-0.336
3.727463,-0.123,0.311,0.901,-7.439,0.885,-0.656
3.727868,-0.126,0.316,0.904,-7.301,0.931,-0.29
3.769263,-0.123,0.318,0.904,-7.355,0.809,-0.725
3.769673,-0.121,0.317,0.906,-7.324,0.877,-0.534
3.770075,-0.123,0.314,0.898,-7.248,0.671,-0.61
3.770478,-0.124,0.321,0.904,-7.233,0.816,-0.71
3.770880,-0.121,0.316,0.906,-7.24,0.923,-0.809
3.771283,-0.122,0.315,0.907,-7.393,0.992,-0.587
3.771689,-0.121,0.316,0.903,-7.301,0.832,-0.587
3.772103,-0.12,0.315,0.911,-7.317,0.786,-0.565
3.813237,-0.122,0.317,0.906,-7.141,0.778,-0.565
3.813639,-0.122,0.315,0.907,-7.454,0.793,-0.473
3.814039,-0.123,0.313,0.906,-7.263,0.511,-0.885
3.814439,-0.117,0.317,0.898,-7.08,0.542,-0.259
3.814840,-0.124,0.315,0.908,-7.439,0.71,-0.71
3.815245,-0.125,0.314,0.905,-6.973,0.977,-0.29
3.815653,-0.12,0.317,0.905,-7.408,0.824,-0.504
3.856822,-0.123,0.318,0.911,-7.614,0.664,-0.488
3.857224,-0.128,0.316,0.908,-7.393,0.595,-0.801
3.857623,-0.124,0.32,0.908,-7.362,0.847,-0.542
3.858022,-0.121,0.312,0.907,-7.118,0.717,-0.465
3.858422,-0.123,0.317,0.904,-7.401,0.809,-0.519
3.858825,-0.125,0.319,0.911,-7.24,0.786,-0.626
3.859358,-0.118,0.316,0.91,-7.072,0.687,-0.9
3.900431,-0.123,0.318,0.901,-7.278,0.992,-0.755
3.900856,-0.118,0.315,0.911,-7.149,0.938,-0.481
3.901259,-0.124,0.316,0.909,-7.095,0.954,-0.702
3.901660,-0.121,0.315,0.907,-7.469,0.854,-0.298
3.902067,-0.126,0.317,0.903,-7.332,0.847,-0.481
3.902472,-0.121,0.316,0.905,-7.469,0.809,-0.542
3.902878,-0.124,0.317,0.908,-7.225,0.725,-0.473
3.944103,-0.123,0.315,0.912,-7.286,0.656,-0.694
3.944534,-0.12,0.319,0.904,-7.439,0.603,-0.58
3.944938,-0.12,0.318,0.906,-7.217,0.786,-0.412
3.945339,-0.121,0.314,0.901,-7.37,0.847,-0.519
3.945741,-0.122,0.316,0.908,-7.431,0.786,-0.946
3.946144,-0.121,0.317,0.908,-7.53,0.832,-0.443
3.946550,-0.121,0.317,0.906,-7.347,0.793,-0.473
3.987658,-0.124,0.316,0.906,-7.332,0.694,-0.61
3.988079,-0.121,0.315,0.906,-7.431,0.748,-0.229
3.988493,-0.123,0.313,0.911,-6.981,0.71,-0.664
3.988894,-0.126,0.318,0.904,-7.271,0.763,-0.443
3.989294,-0.123,0.316,0.904,-6.95,0.656,-0.694
3.989696,-0.119,0.317,0.908,-7.111,0.732,-0.206
3.990101,-0.122,0.316,0.904,-7.08,0.923,-0.465
4.031293,-0.123,0.316,0.905,-7.401,0.549,-0.862
4.031708,-0.12,0.315,0.902,-6.866,0.778,-0.694
4.032111,-0.117,0.318,0.901,-7.332,0.671,-0.58
4.032520,-0.122,0.316,0.907,-7.484,0.717,-0.381
4.032921,-0.123,0.319,0.908,-7.195,0.908,-0.313
4.033322,-0.118,0.316,0.915,-7.187,0.771,-0.626
4.033728,-0.123,0.315,0.908,-7.286,0.633,-0.671
4.074802,-0.12,0.317,0.906,-7.187,0.671,-0.572
4.075205,-0.122,0.314,0.905,-7.408,0.931,-0.793
4.075606,-0.124,0.317,0.903,-7.133,0.824,-0.847
4.076007,-0.12,0.318,0.907,-7.462,0.893,-0.671
4.076407,-0.123,0.319,0.908,-7.271,0.664,-0.542
4.076817,-0.121,0.313,0.905,-7.401,0.633,-0.74
4.077221,-0.122,0.316,0.905,-7.057,0.694,-0.389
4.118376,-0.123,0.317,0.905,-7.317,0.877,-0.748
4.118777,-0.123,0.318,0.904,-7.187,0.931,-0.885
4.119176,-0.12,0.317,0.905,-7.599,0.679,-0.862
4.119575,-0.119,0.313,0.908,-7.263,0.801,-0.984
4.119976,-0.122,0.311,0.908,-7.195,0.664,-0.427
4.120375,-0.122,0.316,0.908,-7.439,0.763,-0.435
4.120787,-0.12,0.319,0.909,-7.523,0.877,-0.755
4.162014,-0.12,0.319,0.907,-7.446,0.961,-0.549
4.162427,-0.122,0.316,0.91,-7.355,1.106,-0.557
4.162827,-0.124,0.316,0.902,-7.156,0.648,-0.443
4.163227,-0.12,0.316,0.905,-7.072,0.946,-0.488
4.163627,-0.119,0.315,0.909,-7.24,0.893,-0.633
4.164026,-0.121,0.319,0.906,-7.24,0.763,-0.87
4.164430,-0.119,0.313,0.911,-7.912,0.687,-0.801
4.205690,-0.121,0.319,0.912,-7.423,0.702,-0.45
4.206112,-0.119,0.318,0.91,-7.217,0.862,-0.267
4.206520,-0.125,0.316,0.906,-7.05,0.961,-0.465
4.206922,-0.122,0.314,0.905,-7.576,0.641,-0.618
4.207323,-0.118,0.314,0.906,-7.057,0.618,-0.214
4.207724,-0.121,0.317,0.907,-7.271,0.656,-0.572
4.208130,-0.123,0.317,0.905,-7.126,0.954,-0.366
4.249187,-0.121,0.319,0.909,-7.248,0.671,-0.328
4.249596,-0.118,0.318,0.907,-7.698,0.702,-0.572
4.249997,-0.124,0.317,0.902,-7.095,0.916,-0.771
4.250398,-0.126,0.315,0.909,-7.164,0.549,-0.572
4.250802,-0.119,0.314,0.912,-7.301,0.824,-0.633
4.251203,-0.119,0.316,0.904,-7.225,0.633,-0.443
4.251607,-0.121,0.316,0.902,-7.446,0.557,-0.999
4.292901,-0.122,0.317,0.9,-7.385,0.969,-1.015
4.293311,-0.12,0.318,0.906,-7.431,0.778,-0.259
4.293712,-0.124,0.319,0.904,-7.301,0.626,-1.045
4.294113,-0.123,0.317,0.905,-6.958,0.679,-0.633
4.294512,-0.121,0.314,0.909,-7.332,0.641,-0.763
4.294913,-0.121,0.317,0.907,-6.95,0.702,-0.481
4.295316,-0.118,0.316,0.902,-6.989,0.664,-0.809
4.295720,-0.119,0.32,0.905,-7.454,0.961,-0.656
4.336981,-0.121,0.317,0.912,-7.164,0.664,-0.847
4.337382,-0.122,0.313,0.91,-7.271,0.565,-0.427
4.337783,-0.121,0.32,0.904,-7.431,1.099,-0.328
4.338183,-0.123,0.315,0.901,-7.24,0.748,-0.633
4.338588,-0.123,0.318,0.906,-7.271,0.969,-0.542
4.338988,-0.121,0.314,0.908,-7.118,0.862,-0.183
4.339390,-0.121,0.316,0.905,-7.156,0.938,-0.183
4.381906,-0.119,0.315,0.904,-7.362,0.763,-0.519
4.383533,-0.122,0.316,0.904,-7.164,0.984,-0.046
4.385144,-0.125,0.318,0.91,-7.278,0.854,-0.465
4.386706,-0.124,0.318,0.911,-7.095,0.877,-0.923
4.388261,-0.122,0.321,0.906,-7.378,0.809,-0.305
4.389845,-0.124,0.315,0.906,-7.24,0.854,-0.565
4.391413,-0.12,0.319,0.907,-7.408,0.816,-0.694
4.425662,-0.118,0.318,0.905,-7.538,0.717,-0.458
4.427249,-0.117,0.317,0.91,-7.439,1.213,-0.839
4.428830,-0.123,0.319,0.901,-7.179,0.778,-0.404
4.430387,-0.12,0.311,0.904,-7.446,0.786,-0.458
4.431937,-0.124,0.318,0.913,-7.362,0.786,-0.771
4.433520,-0.124,0.318,0.905,-7.576,0.854,-0.755
4.435098,-0.12,0.316,0.906,-7.301,0.732,-0.648
4.468966,-0.121,0.32,0.912,-7.08,0.771,-0.832
4.470560,-0.124,0.317,0.908,-7.37,0.786,-0.343
4.472121,-0.122,0.313,0.904,-7.416,0.687,-0.664
4.473705,-0.123,0.315,0.905,-7.233,0.595,-0.32
4.475262,-0.12,0.312,0.908,-7.118,0.839,-0.481
4.476847,-0.122,0.319,0.906,-7.408,0.969,-0.641
4.478425,-0.118,0.315,0.906,-7.332,0.87,-0.534
4.512415,-0.123,0.316,0.907,-7.118,1.045,-0.488
4.514031,-0.121,0.315,0.902,-7.24,0.809,-0.511
4.515596,-0.119,0.312,0.909,-7.233,0.633,-0.702
4.517228,-0.122,0.318,0.908,-7.401,0.71,-0.534
4.518791,-0.121,0.316,0.903,-7.378,1.068,-0.931
4.520355,-0.121,0.313,0.902,-7.301,0.618,-0.488
4.521942,-0.121,0.311,0.909,-7.088,0.931,-0.29
4.555931,-0.12,0.318,0.901,-7.393,0.618,-0.557
4.557572,-0.119,0.317,0.909,-7.484,0.977,-0.481
4.559141,-0.116,0.317,0.912,-7.294,0.893,-0.42
4.560724,-0.122,0.317,0.909,-7.324,0.961,-0.465
4.562279,-0.122,0.318,0.906,-7.21,0.916,-0.656
4.563838,-0.124,0.317,0.904,-7.324,0.923,-0.717
4.565426,-0.12,0.316,0.909,-7.515,0.633,-0.648
4.598433,-0.119,0.315,0.905,-7.347,1.06,-0.42
4.598838,-0.12,0.317,0.905,-7.423,0.824,-0.641
4.599236,-0.12,0.315,0.904,-7.523,0.824,-0.847
4.599636,-0.122,0.315,0.907,-7.362,0.816,-0.755
4.600034,-0.119,0.318,0.908,-7.431,0.763,-0.374
4.600433,-0.122,0.316,0.905,-7.454,1.053,-0.641
4.600848,-0.12,0.314,0.909,-7.393,0.603,-0.473
4.642131,-0.124,0.318,0.911,-7.05,0.877,-0.526
4.642530,-0.12,0.317,0.904,-7.431,0.992,-0.694
4.642929,-0.121,0.314,0.904,-6.989,0.854,-0.374
4.643328,-0.123,0.316,0.904,-7.263,0.854,-0.534
4.643727,-0.124,0.316,0.899,-7.385,0.778,-0.664
4.644126,-0.122,0.319,0.91,-7.355,0.816,-0.099
4.644537,-0.124,0.321,0.911,-7.233,1.022,-0.473
4.686082,-0.123,0.319,0.908,-7.347,0.893,-0.313
4.687804,-0.124,0.315,0.905,-7.179,0.763,-0.671
4.689552,-0.122,0.317,0.91,-7.607,0.74,-0.481
4.691267,-0.119,0.317,0.903,-7.37,0.832,-0.343
4.693002,-0.121,0.318,0.905,-7.423,1.068,-0.13
4.694722,-0.122,0.316,0.907,-7.339,0.717,-0.488
4.696475,-0.124,0.319,0.907,-7.263,0.595,-0.679
4.729402,-0.125,0.314,0.902,-7.66,0.717,-0.58
4.731116,-0.118,0.318,0.902,-7.515,0.778,-0.587
4.732855,-0.12,0.314,0.91,-7.469,0.923,-0.687
4.734577,-0.122,0.319,0.915,-7.027,0.938,-0.458
4.736298,-0.121,0.316,0.906,-7.324,0.809,-0.603
4.738034,-0.121,0.316,0.906,-7.614,0.74,-0.671
4.739764,-0.124,0.315,0.909,-7.614,0.862,-0.618
4.773044,-0.12,0.317,0.906,-7.187,1.076,-0.793
4.773453,-0.12,0.315,0.909,-6.981,0.633,-0.526
4.773854,-0.125,0.317,0.903,-7.423,0.999,-0.427
4.774256,-0.123,0.316,0.904,-7.286,0.893,-0.633
4.774657,-0.118,0.319,0.908,-7.294,0.961,-0.74
4.775058,-0.123,0.319,0.903,-7.042,0.656,-0.877
4.775464,-0.125,0.313,0.908,-7.339,0.938,-0.893
4.775870,-0.122,0.318,0.905,-7.431,0.793,-0.435
4.817059,-0.123,0.314,0.909,-7.339,0.717,-0.626
4.817470,-0.123,0.322,0.909,-7.233,0.862,-0.458
4.817873,-0.121,0.317,0.904,-7.187,0.854,-0.648
4.818273,-0.124,0.317,0.902,-7.5,0.809,-0.74
4.818674,-0.119,0.315,0.902,-7.538,0.9,-0.763
4.819078,-0.126,0.318,0.912,-7.278,0.908,-0.565
4.819481,-0.121,0.32,0.903,-7.561,0.641,-0.656
4.860625,-0.124,0.317,0.91,-7.065,0.687,-0.542
4.861030,-0.125,0.316,0.904,-7.103,0.74,-0.656
4.861431,-0.125,0.317,0.907,-7.492,0.9,-0.664
4.861826,-0.122,0.314,0.907,-7.004,0.793,0.031
4.862228,-0.121,0.317,0.905,-7.164,0.748,-0.458
4.862632,-0.12,0.315,0.907,-7.439,0.641,-0.58
4.863037,-0.125,0.316,0.907,-7.332,1.038,-0.366
4.904250,-0.121,0.315,0.906,-7.324,0.946,-0.58
4.904683,-0.121,0.316,0.914,-7.431,0.931,-0.282
4.905113,-0.122,0.32,0.908,-7.263,0.854,-0.42
4.905518,-0.127,0.312,0.905,-7.21,0.656,-0.671
4.905921,-0.124,0.319,0.906,-7.37,1.06,-0.504
4.906466,-0.121,0.318,0.905,-7.37,0.778,-0.565
4.906878,-0.119,0.316,0.904,-7.271,0.717,-0.763
4.947873,-0.122,0.318,0.91,-7.08,0.854,-0.931
4.948291,-0.122,0.316,0.913,-7.187,0.748,-0.389
4.948708,-0.122,0.316,0.914,-7.393,0.992,-0.74
4.949108,-0.118,0.318,0.902,-7.271,0.526,-0.694
4.949507,-0.12,0.315,0.906,-7.057,0.877,-0.221
4.949910,-0.122,0.313,0.902,-7.408,0.885,-0.587
4.950321,-0.122,0.318,0.909,-7.5,0.664,-0.42
4.991496,-0.121,0.318,0.9,-7.126,0.694,-0.29
4.991916,-0.125,0.316,0.906,-7.431,0.908,-0.465
4.992317,-0.124,0.314,0.912,-7.469,0.862,-0.71
4.992739,-0.117,0.316,0.912,-7.423,0.931,-0.435
4.993139,-0.124,0.317,0.901,-7.423,0.87,-0.465
4.993542,-0.121,0.317,0.906,-7.683,0.9,-0.534
4.993943,-0.123,0.318,0.906,-7.225,0.824,-0.893
5.035041,-0.124,0.318,0.909,-7.454,0.839,-0.511
5.035456,-0.12,0.317,0.912,-7.202,0.824,-0.42
5.035856,-0.123,0.317,0.914,-7.393,0.618,-0.893
5.036258,-0.125,0.315,0.91,-7.355,0.61,-0.687
5.036677,-0.123,0.314,0.909,-7.233,0.977,-0.404
5.037079,-0.126,0.32,0.898,-7.446,1.114,-0.549
5.037485,-0.118,0.319,0.91,-7.347,1.022,-0.496
5.078576,-0.124,0.313,0.91,-7.614,0.633,-0.557
5.078983,-0.122,0.317,0.904,-7.057,0.839,-0.198
5.079383,-0.12,0.317,0.909,-7.309,0.893,-0.816
5.079780,-0.117,0.314,0.905,-7.294,0.977,-0.572
5.080177,-0.119,0.315,0.91,-7.011,0.816,-0.206
5.080588,-0.119,0.315,0.909,-7.5,0.74,-0.679
5.080996,-0.119,0.32,0.912,-7.523,1.221,-0.603
5.122145,-0.122,0.319,0.907,-7.385,0.633,-0.496
5.122545,-0.122,0.318,0.914,-7.408,0.641,-0.42
5.122944,-0.121,0.318,0.909,-7.263,1.091,-0.298
5.123343,-0.121,0.316,0.906,-7.332,0.854,-0.32
5.123742,-0.121,0.315,0.906,-7.309,0.74,-0.702
5.124144,-0.123,0.312,0.911,-7.339,0.862,-0.427
5.124556,-0.124,0.318,0.901,-7.362,0.877,-0.71
5.165738,-0.12,0.315,0.908,-7.271,0.854,-0.526
5.166137,-0.121,0.315,0.914,-7.423,0.854,-0.694
5.166537,-0.119,0.318,0.907,-7.416,0.816,-0.42
5.166935,-0.121,0.315,0.906,-7.355,0.641,-0.519
5.167335,-0.121,0.321,0.909,-7.324,0.938,-0.748
5.167733,-0.123,0.318,0.902,-7.553,0.732,-0.702
5.168136,-0.12,0.313,0.905,-7.462,0.717,-0.526
5.209334,-0.123,0.315,0.915,-7.347,0.793,-0.488
5.209736,-0.123,0.315,0.907,-7.423,1.114,-0.481
5.210135,-0.121,0.317,0.904,-7.034,0.977,-0.565
5.210534,-0.121,0.314,0.908,-7.233,0.809,-0.893
5.210938,-0.124,0.319,0.903,-7.477,0.702,-0.359
5.211337,-0.121,0.312,0.904,-7.332,0.618,-0.488
5.211741,-0.121,0.319,0.905,-7.515,0.687,-0.542
5.252949,-0.119,0.316,0.906,-7.423,0.732,-0.282
5.253359,-0.122,0.317,0.91,-7.439,0.748,-0.671
5.253757,-0.122,0.316,0.904,-7.469,0.946,-0.488
5.254158,-0.121,0.315,0.907,-7.164,0.916,-0.565
5.254559,-0.123,0.316,0.905,-7.202,0.862,-0.931
5.254962,-0.119,0.315,0.91,-7.095,0.931,-0.45
5.255367,-0.122,0.313,0.903,-7.408,0.755,-0.61
5.296779,-0.123,0.317,0.911,-7.019,0.9,-0.74
5.297187,-0.119,0.322,0.909,-7.362,0.702,-0.404
5.297588,-0.121,0.313,0.899,-7.172,0.633,-0.465
5.297987,-0.123,0.314,0.906,-7.576,0.725,-0.725
5.298386,-0.121,0.315,0.905,-7.339,0.732,-0.687
5.298786,-0.122,0.319,0.907,-7.477,0.61,-0.587
5.299191,-0.118,0.316,0.909,-7.111,0.801,-0.633
5.299596,-0.121,0.319,0.907,-7.37,1.053,-0.328
5.340756,-0.119,0.316,0.906,-7.37,0.793,-0.313
5.341157,-0.118,0.314,0.906,-7.469,0.938,-0.916
5.341556,-0.122,0.316,0.906,-7.362,0.74,-0.633
5.341954,-0.122,0.316,0.911,-7.401,0.938,-0.648
5.342352,-0.121,0.316,0.906,-7.416,0.656,-0.633
5.342753,-0.125,0.318,0.9,-7.317,0.679,-0.671
5.343155,-0.121,0.321,0.907,-7.141,0.679,-0.595
5.384468,-0.125,0.314,0.903,-7.301,0.664,-0.366
5.384893,-0.123,0.317,0.904,-7.217,0.679,-0.885
5.385293,-0.123,0.316,0.909,-7.088,1.122,-0.732
5.385693,-0.125,0.316,0.906,-7.332,0.916,-0.763
5.386092,-0.123,0.319,0.907,-7.393,0.847,-0.671
5.386494,-0.126,0.315,0.909,-7.439,0.694,-0.885
5.386897,-0.12,0.316,0.902,-7.553,0.656,-1.007
5.428012,-0.123,0.316,0.903,-7.385,0.725,-0.74
5.428428,-0.12,0.313,0.911,-7.21,0.801,-0.526
5.428857,-0.12,0.316,0.905,-7.416,0.771,-0.443
5.429257,-0.122,0.317,0.903,-7.294,0.679,-0.854
5.429656,-0.123,0.315,0.907,-7.576,0.854,-0.595
5.430058,-0.12,0.316,0.907,-7.118,0.702,-0.252
5.430463,-0.124,0.316,0.904,-7.301,0.717,-0.549
5.471554,-0.12,0.318,0.91,-7.332,0.763,-0.534
5.471956,-0.12,0.315,0.899,-7.126,0.641,-0.641
5.472357,-0.121,0.319,0.904,-7.034,0.816,-0.656
5.472764,-0.122,0.315,0.912,-7.431,1.114,-0.351
5.473162,-0.124,0.318,0.905,-7.408,0.969,-0.572
5.473563,-0.12,0.315,0.909,-7.568,0.671,-0.717
5.473968,-0.121,0.318,0.905,-7.072,0.992,-0.305
5.515128,-0.121,0.317,0.905,-7.378,0.908,-0.496
5.515529,-0.122,0.315,0.91,-7.416,0.771,-0.42
5.515926,-0.121,0.314,0.908,-7.263,0.938,-0.412
5.516325,-0.121,0.321,0.907,-7.507,0.671,-0.496
5.516730,-0.118,0.311,0.906,-7.156,0.816,-0.58
5.517131,-0.12,0.313,0.905,-7.187,0.87,-0.465
5.517533,-0.12,0.313,0.905,-7.172,1.083,-0.87
5.558708,-0.121,0.315,0.904,-7.004,0.854,-0.61
5.559108,-0.122,0.315,0.904,-7.378,0.916,-0.542
5.559507,-0.123,0.316,0.903,-7.423,0.923,-0.801
5.559906,-0.125,0.319,0.901,-7.515,0.877,-0.74
5.560306,-0.122,0.317,0.904,-7.256,0.755,-0.435
5.560713,-0.122,0.314,0.903,-7.362,0.954,-0.61
5.561116,-0.121,0.316,0.912,-7.004,0.916,-0.488
5.602307,-0.123,0.314,0.906,-7.057,0.702,-0.458
5.602706,-0.124,0.315,0.905,-7.401,0.9,-0.648
5.603105,-0.118,0.311,0.91,-7.439,0.732,-0.656
5.603503,-0.122,0.316,0.906,-7.378,0.893,-0.397
5.603902,-0.123,0.316,0.911,-7.53,0.9,-0.664
5.604301,-0.123,0.318,0.904,-7.233,0.694,-0.702
5.604713,-0.121,0.316,0.91,-7.103,1.045,-0.74
5.645895,-0.121,0.317,0.908,-7.156,0.801,-0.427
5.646294,-0.125,0.314,0.91,-7.08,0.87,-0.626
5.646695,-0.118,0.316,0.907,-6.996,0.954,-0.732
5.647093,-0.122,0.318,0.904,-7.172,0.595,-0.771
5.647493,-0.122,0.317,0.903,-7.294,0.854,-0.359
5.647890,-0.118,0.313,0.902,-7.324,0.977,-0.427
5.648293,-0.12,0.317,0.905,-7.469,0.885,-0.282
5.689361,-0.125,0.319,0.901,-7.05,0.816,-0.282
5.689760,-0.121,0.318,0.904,-7.439,0.931,-0.336
5.690158,-0.12,0.319,0.905,-7.317,1.091,-0.725
5.690556,-0.126,0.313,0.906,-7.202,0.954,-0.778
5.690954,-0.121,0.316,0.907,-7.37,0.793,-0.626
5.691351,-0.12,0.319,0.903,-7.492,0.954,-0.717
5.691755,-0.125,0.313,0.908,-7.591,0.633,-0.618
5.733080,-0.12,0.315,0.912,-7.454,0.9,-0.427
5.733479,-0.121,0.315,0.907,-7.652,0.954,-0.877
5.733877,-0.121,0.313,0.911,-7.339,0.916,-0.633
5.734276,-0.122,0.313,0.906,-7.416,0.893,-0.519
5.734673,-0.118,0.318,0.904,-7.523,0.687,-0.702
5.735071,-0.12,0.315,0.909,-7.843,0.793,-0.534
5.735474,-0.121,0.316,0.911,-7.317,0.87,-1.091
5.776671,-0.121,0.314,0.906,-7.568,0.725,-0.694
5.777072,-0.121,0.316,0.912,-7.324,0.778,-0.549
5.777470,-0.122,0.317,0.909,-6.927,0.778,-0.557
5.777869,-0.122,0.316,0.912,-7.248,0.984,-0.71
5.778269,-0.124,0.318,0.911,-7.393,0.809,-0.603
5.778668,-0.116,0.32,0.909,-7.454,0.755,-0.572
5.779069,-0.119,0.318,0.906,-7.5,0.854,-0.565
5.779474,-0.125,0.318,0.909,-7.294,0.732,-0.465
5.820905,-0.125,0.319,0.908,-7.347,0.763,-0.9
5.821304,-0.123,0.316,0.907,-7.088,0.755,-0.725
5.821705,-0.121,0.316,0.908,-7.111,0.656,-0.9
5.822103,-0.122,0.318,0.907,-7.141,0.961,-0.771
5.822501,-0.122,0.317,0.9,-7.263,0.839,-0.633
5.822902,-0.121,0.317,0.911,-7.126,0.687,-0.32
5.823303,-0.12,0.315,0.904,-7.576,1.007,-0.511
5.864370,-0.118,0.317,0.908,-7.263,0.9,-0.435
5.864780,-0.119,0.314,0.905,-7.454,0.687,-0.32
5.865177,-0.119,0.317,0.903,-7.187,0.748,-0.725
5.865575,-0.117,0.317,0.906,-7.072,0.778,-0.526
5.865972,-0.123,0.315,0.906,-7.286,0.71,-0.587
5.866373,-0.12,0.319,0.908,-7.149,0.74,-0.71
5.866773,-0.119,0.319,0.91,-7.011,0.969,-0.61
5.907973,-0.122,0.317,0.906,-7.607,0.717,-0.74
5.908376,-0.119,0.316,0.903,-7.271,1.06,-0.725
5.908789,-0.121,0.32,0.908,-7.767,0.641,-0.664
5.909189,-0.118,0.315,0.907,-7.378,0.885,-0.946
5.909588,-0.122,0.315,0.905,-7.233,0.839,-0.351
5.909989,-0.121,0.316,0.909,-7.607,1.167,-0.824
5.910392,-0.119,0.312,0.91,-7.401,0.938,-0.694
5.951558,-0.124,0.318,0.904,-7.202,0.74,-0.725
5.951957,-0.122,0.315,0.902,-7.355,0.763,-0.42
5.952357,-0.121,0.312,0.907,-7.515,0.877,-0.389
5.952763,-0.123,0.318,0.901,-7.141,0.748,-0.519
5.953278,-0.121,0.316,0.908,-6.912,0.74,-0.244
5.953683,-0.12,0.317,0.907,-7.21,0.809,-0.42
5.954087,-0.122,0.317,0.905,-7.011,0.771,-0.351
5.995234,-0.122,0.319,0.906,-7.172,0.671,-0.877
5.995653,-0.121,0.314,0.903,-7.141,0.725,-0.412
5.996052,-0.121,0.312,0.905,-7.072,0.771,-0.504
5.996464,-0.118,0.317,0.902,-7.156,0.618,-0.404
5.996867,-0.118,0.319,0.909,-7.072,0.809,-0.557
5.997273,-0.123,0.318,0.903,-7.149,0.931,-0.496
5.997679,-0.124,0.316,0.908,-7.378,0.618,-0.374
6.038887,-0.121,0.315,0.909,-7.347,0.847,-0.618
6.039313,-0.119,0.316,0.906,-7.545,1.129,-0.572
6.039716,-0.12,0.317,0.908,-7.477,1.007,-0.755
6.040118,-0.127,0.319,0.904,-7.301,0.801,-0.694
6.040533,-0.119,0.318,0.906,-7.217,0.969,-0.793
6.040935,-0.119,0.314,0.91,-7.523,0.877,-0.641
6.041343,-0.123,0.313,0.903,-7.217,0.801,-0.496
6.082547,-0.12,0.315,0.906,-7.385,0.801,-0.74
6.082966,-0.126,0.317,0.906,-7.637,0.504,-0.389
6.083369,-0.121,0.317,0.909,-7.225,0.9,-0.664
6.083770,-0.121,0.319,0.903,-7.011,1.03,-0.435
6.084171,-0.121,0.313,0.912,-7.21,0.694,-0.61
6.084584,-0.122,0.319,0.903,-7.195,0.862,-0.679
6.084989,-0.119,0.317,0.906,-6.996,0.656,-0.526
6.126057,-0.12,0.316,0.905,-7.179,0.877,-0.809
6.126459,-0.124,0.312,0.905,-7.225,0.816,-0.778
6.126859,-0.124,0.317,0.904,-7.248,0.893,-0.893
6.127259,-0.118,0.319,0.901,-7.347,0.725,-0.854
6.127657,-0.12,0.318,0.903,-7.576,0.763,-0.572
6.128057,-0.122,0.315,0.911,-7.362,0.854,-0.603
6.128469,-0.121,0.313,0.908,-7.286,0.717,-0.954
6.169646,-0.12,0.314,0.904,-7.248,0.763,-0.626
6.170048,-0.124,0.315,0.906,-7.286,0.74,-0.542
6.170448,-0.126,0.319,0.905,-6.905,0.832,-0.771
6.170847,-0.125,0.318,0.906,-7.278,0.771,-0.816
6.171253,-0.121,0.318,0.907,-7.286,0.771,-0.549
6.171653,-0.121,0.314,0.905,-7.172,0.984,-0.618
6.172056,-0.123,0.315,0.912,-7.24,0.893,-0.877
6.213238,-0.121,0.314,0.909,-7.172,0.931,-0.275
6.213642,-0.121,0.317,0.904,-7.301,0.74,-0.443
6.214044,-0.123,0.317,0.917,-7.431,0.893,-0.938
6.214445,-0.124,0.315,0.905,-7.225,0.702,-0.908
6.214845,-0.122,0.316,0.903,-7.339,1.106,-0.542
6.215246,-0.12,0.315,0.904,-7.187,1.038,-0.778
6.215651,-0.117,0.316,0.906,-7.5,0.771,-0.45
6.256709,-0.119,0.316,0.9,-7.484,0.938,-0.496
6.257111,-0.125,0.316,0.909,-7.439,0.954,-0.641
6.257513,-0.122,0.315,0.907,-7.156,0.877,-0.381
6.257914,-0.122,0.313,0.907,-7.576,0.908,-0.732
6.258315,-0.124,0.316,0.907,-7.034,0.801,-0.755
6.258717,-0.122,0.317,0.909,-7.187,0.992,-0.87
6.259124,-0.124,0.318,0.91,-7.385,0.839,-0.786
6.300707,-0.121,0.315,0.906,-7.217,0.809,-0.641
6.301117,-0.122,0.317,0.911,-7.401,0.87,-0.9
6.301516,-0.124,0.316,0.908,-7.477,0.839,-0.671
6.301915,-0.123,0.315,0.905,-7.439,0.916,-0.496
6.302313,-0.123,0.315,0.911,-7.523,0.626,-0.458
6.302711,-0.12,0.314,0.911,-7.477,0.725,-0.694
6.303114,-0.119,0.317,0.906,-6.989,0.946,-0.427
6.303517,-0.122,0.315,0.91,-7.233,0.565,-0.221
6.344664,-0.121,0.312,0.905,-7.179,0.832,-0.496
6.345063,-0.118,0.315,0.908,-7.317,0.923,-0.717
6.345462,-0.121,0.32,0.904,-7.385,0.786,-0.618
6.345860,-0.124,0.313,0.901,-7.08,0.969,-0.526
6.346262,-0.123,0.314,0.91,-7.355,0.755,-0.473
6.346666,-0.123,0.319,0.909,-7.248,0.755,-0.572
6.347065,-0.123,0.315,0.906,-7.332,0.748,-0.725
6.388262,-0.119,0.315,0.907,-7.088,0.74,-0.488
6.388676,-0.122,0.314,0.908,-7.301,0.557,-0.664
6.389075,-0.121,0.318,0.912,-7.324,0.595,-0.198
6.389472,-0.119,0.317,0.907,-7.401,0.664,-0.687
6.389870,-0.119,0.313,0.912,-7.584,0.633,-0.839
6.390272,-0.122,0.313,0.908,-7.149,0.832,-0.74
6.390675,-0.125,0.315,0.909,-7.088,0.748,-0.771
6.431853,-0.117,0.313,0.906,-7.24,0.954,-0.412
6.432258,-0.122,0.318,0.907,-6.958,0.687,-0.351
6.432667,-0.12,0.317,0.904,-7.217,1.045,-0.648
6.433067,-0.126,0.319,0.908,-7.378,0.938,-0.824
6.433465,-0.121,0.319,0.912,-7.187,0.954,-0.397
6.433866,-0.121,0.317,0.911,-7.233,0.778,-0.458
6.434269,-0.123,0.315,0.913,-7.339,0.862,-0.038
6.475436,-0.124,0.317,0.909,-7.675,0.977,-0.938
6.475839,-0.124,0.318,0.906,-7.103,0.641,-0.641
6.476237,-0.124,0.318,0.904,-7.362,0.763,-0.839
6.476644,-0.124,0.314,0.909,-7.561,0.793,-0.511
6.477042,-0.122,0.32,0.914,-7.339,0.809,-0.641
6.477443,-0.125,0.317,0.913,-7.652,0.626,-0.328
6.477847,-0.118,0.315,0.903,-6.851,0.687,-0.427
6.519058,-0.118,0.316,0.909,-7.294,0.931,-0.488
6.519465,-0.122,0.317,0.906,-7.225,0.74,-0.671
6.519866,-0.12,0.319,0.91,-7.37,0.755,-0.633
6.520265,-0.124,0.315,0.91,-7.149,0.862,-0.641
6.520676,-0.119,0.314,0.903,-7.317,1.038,-0.832
6.521079,-0.119,0.315,0.906,-7.294,0.908,-0.542
6.521487,-0.118,0.317,0.909,-7.317,0.877,-0.61
6.562616,-0.12,0.321,0.907,-7.561,1.114,-0.496
6.563017,-0.121,0.317,0.909,-7.187,0.923,-0.511
6.563415,-0.122,0.317,0.9,-7.622,0.862,-0.42
6.563814,-0.119,0.313,0.909,-7.271,0.931,-0.58
6.564213,-0.119,0.311,0.909,-7.133,0.816,-0.343
6.564621,-0.121,0.316,0.906,-7.286,0.763,-0.343
6.565024,-0.118,0.315,0.906,-7.065,0.71,-0.595
6.606976,-0.12,0.317,0.902,-7.324,0.572,-0.694
6.608594,-0.12,0.316,0.899,-7.172,0.847,-0.839
6.610150,-0.125,0.312,0.911,-7.462,1.076,-0.42
6.611705,-0.121,0.314,0.915,-7.401,0.992,-0.481
6.613284,-0.122,0.317,0.907,-7.187,1.06,-0.885
6.614845,-0.121,0.317,0.901,-7.118,0.977,-0.763
6.616423,-0.121,0.315,0.911,-7.561,0.786,-0.572
6.650385,-0.121,0.315,0.911,-7.416,0.999,-0.809
6.651938,-0.123,0.32,0.908,-7.118,0.748,-0.42
6.653508,-0.122,0.311,0.91,-7.118,0.847,-0.389
6.655057,-0.121,0.32,0.908,-7.301,0.801,-0.771
6.656617,-0.125,0.317,0.9,-7.301,0.801,-0.74
6.658170,-0.123,0.317,0.905,-7.271,0.671,-0.481
6.659735,-0.121,0.316,0.905,-7.248,0.824,-0.32
6.693864,-0.124,0.317,0.91,-7.332,1.183,-0.305
6.695421,-0.121,0.313,0.91,-7.332,0.641,-0.481
6.697010,-0.119,0.319,0.905,-7.248,1.053,-0.664
6.698561,-0.119,0.319,0.903,-7.477,0.954,-0.427
6.700111,-0.119,0.318,0.913,-7.538,1.022,-0.465
6.701675,-0.123,0.313,0.904,-7.011,0.595,-0.778
6.703243,-0.124,0.318,0.907,-7.05,0.885,-0.587
6.737417,-0.122,0.317,0.902,-7.637,0.946,-0.572
6.739002,-0.121,0.316,0.908,-7.385,0.877,-0.549
6.740596,-0.123,0.317,0.907,-7.088,0.824,-0.488
6.742158,-0.122,0.315,0.905,-7.439,0.862,-0.427
6.743715,-0.121,0.313,0.911,-7.324,0.977,-0.412
6.745298,-0.121,0.317,0.909,-7.248,0.893,-0.71
6.746874,-0.119,0.318,0.908,-7.347,0.595,-0.443
6.780857,-0.124,0.317,0.903,-7.21,0.671,-0.328
6.782428,-0.122,0.311,0.91,-7.584,0.954,-0.481
6.783992,-0.124,0.316,0.903,-7.484,0.977,-0.763
6.785593,-0.119,0.315,0.904,-7.523,0.854,-0.641
6.787135,-0.119,0.315,0.905,-7.195,0.549,-0.679
6.788714,-0.122,0.316,0.898,-7.477,0.664,-0.725
6.790292,-0.12,0.315,0.909,-7.118,0.908,-0.778
6.824611,-0.122,0.316,0.906,-7.378,0.862,-0.465
6.826181,-0.123,0.317,0.909,-7.439,0.603,-0.671
6.827745,-0.125,0.318,0.906,-7.362,0.961,-0.74
6.829328,-0.125,0.317,0.9,-7.133,0.816,-0.565
6.830884,-0.121,0.318,0.909,-7.439,0.732,-0.656
6.832443,-0.121,0.322,0.905,-7.317,0.786,-0.053
6.834026,-0.118,0.312,0.911,-7.53,0.847,-0.526
6.835601,-0.12,0.318,0.904,-7.263,0.885,-0.32
6.869705,-0.124,0.316,0.908,-7.095,0.641,-0.587
6.871276,-0.121,0.315,0.904,-7.21,0.801,-0.343
6.872848,-0.118,0.318,0.908,-7.24,0.816,-0.656
6.874407,-0.121,0.318,0.911,-7.568,0.793,-0.603
6.875963,-0.122,0.319,0.908,-7.614,0.732,-0.443
6.877557,-0.123,0.319,0.898,-7.141,0.656,-0.61
6.879129,-0.122,0.312,0.906,-7.278,0.74,-0.542
6.913686,-0.125,0.316,0.91,-7.378,0.748,-0.648
6.915284,-0.117,0.319,0.907,-7.164,0.954,-0.595
6.916901,-0.124,0.319,0.908,-7.339,0.793,-0.61
6.918461,-0.123,0.318,0.911,-7.332,0.832,-0.648
6.920017,-0.118,0.318,0.913,-7.378,0.854,-0.633
6.921598,-0.123,0.314,0.908,-7.301,0.839,-0.359
6.923164,-0.124,0.319,0.909,-7.088,0.908,-0.587
6.962591,-0.123,0.315,0.906,-7.294,0.687,-0.763
6.970760,-0.12,0.318,0.91,-7.507,0.9,-0.32
6.978896,-0.125,0.317,0.906,-7.294,0.664,-0.771
6.981621,-0.122,0.312,0.906,-7.545,0.679,-0.854
6.983507,-0.125,0.316,0.904,-7.187,0.587,-0.481
6.985424,-0.121,0.32,0.905,-7.172,0.969,-0.58
6.987284,-0.12,0.316,0.9,-7.202,0.519,-0.542
7.000501,-0.124,0.318,0.901,-7.5,0.969,-0.412
7.002397,-0.123,0.312,0.905,-7.141,0.595,-0.496
7.004238,-0.121,0.316,0.909,-7.248,0.595,-0.504
7.006523,-0.126,0.314,0.901,-7.355,0.763,-0.854
7.008361,-0.121,0.316,0.904,-7.37,0.824,-0.725
7.010265,-0.122,0.315,0.9,-7.523,1.022,-0.618
7.012105,-0.121,0.315,0.91,-7.37,0.778,-0.397
7.043993,-0.123,0.314,0.904,-7.362,0.839,-0.511
7.045955,-0.125,0.315,0.908,-7.118,0.969,-0.534
7.047826,-0.118,0.313,0.904,-6.95,0.71,-0.519
7.049714,-0.12,0.318,0.904,-7.599,0.961,-0.702
7.051543,-0.12,0.311,0.905,-7.072,0.778,-0.877
7.053409,-0.122,0.315,0.902,-7.408,0.755,-0.656
7.055244,-0.119,0.316,0.906,-7.423,0.778,-0.473
7.087512,-0.12,0.317,0.91,-7.408,0.9,-0.862
7.089619,-0.123,0.313,0.905,-7.393,0.717,-0.465
7.091559,-0.133,0.258,0.915,-5.966,0.755,-0.816
7.093576,-0.16,-0.284,0.916,3.021,2.312,-2.51
7.095463,-0.227,0.891,0.813,-2.518,-2.22,-8.698
7.097390,0.284,0.856,0.815,-16.251,4.066,-13.985
7.099323,-0.461,-0.013,1.139,-11.703,-3.357,-7.217
7.131573,0.213,-0.131,0.968,0.771,2.953,0.122
7.133528,0.093,0.483,0.918,-1.419,2.098,0.206
7.135373,0.352,0.694,0.819,-9.59,5.348,0.916
7.137314,-0.082,0.413,0.938,-10.742,4.082,3.914
7.139169,-0.046,0.315,0.939,-7.37,6.66,16.96
7.141096,-0.177,0.704,0.837,-11.917,5.775,29.846
7.142986,-0.141,0.774,0.784,-19.615,6.516,36.903
7.175206,-0.203,0.424,0.894,-20.538,4.944,42.709
7.177201,-0.118,0.438,0.903,-19.6,6.569,48.08
7.179063,-0.22,0.657,0.858,-23.537,5.035,54.947
7.181068,-0.162,0.598,0.867,-27.603,6.096,63.37
7.182972,-0.208,0.453,0.979,-27.031,5.707,71.953
7.186311,-0.004,0.486,1.005,-27.405,6.859,77.339
7.188264,0.018,0.438,0.957,-29.274,7.362,77.82
7.223600,0.029,0.368,0.901,-31.197,8.217,78.606
7.225565,-0.071,0.257,0.923,-29.999,8.278,82.771
7.227475,-0.105,0.281,0.895,-28.679,9.224,87.891
7.229332,-0.23,0.391,0.855,-30.075,8.072,90.614
7.231085,-0.234,0.433,0.802,-32.7,7.79,90.95
7.232852,-0.292,0.339,0.851,-33.707,6.721,91.301
7.234617,-0.254,0.251,0.92,-32.486,5.798,93.025
7.262382,-0.212,0.28,0.944,-31.83,5.264,93.758
7.264156,-0.16,0.338,0.965,-32.532,4.28,93.178
7.265924,-0.035,0.291,0.955,-33.272,5.096,91.553
7.267648,0.009,0.197,0.947,-31.616,4.951,89.745
7.269386,0.01,0.168,0.904,-29.32,6.111,87.036
7.271141,-0.067,0.231,0.884,-28.015,6.165,82.741
7.272931,-0.096,0.302,0.877,-27.954,5.989,77.911
7.306305,-0.148,0.28,0.894,-27.626,5.562,73.936
7.308117,-0.189,0.231,0.894,-25.879,4.662,69.099
7.309904,-0.203,0.217,0.907,-24.223,3.799,62.775
7.311652,-0.2,0.204,0.914,-22.156,2.686,55.855
7.313421,-0.145,0.211,0.924,-20.386,1.968,48.92
7.315171,-0.115,0.223,0.908,-19.066,1.572,42.32
7.316953,-0.119,0.214,0.897,-17.815,0.633,35.858
7.349518,-0.121,0.188,0.896,-16.251,0.206,29.114
7.351336,-0.122,0.18,0.899,-14.32,-0.778,21.553
7.353130,-0.143,0.151,0.906,-12.939,-1.434,13.786
7.354873,-0.201,0.177,0.917,-11.353,-2.319,6.729
7.356640,-0.232,0.167,0.911,-9.499,-3.96,-0.725
7.358384,-0.219,0.163,0.896,-8.339,-5.547,-8.186
7.360166,-0.208,0.15,0.893,-6.851,-6.783,-16.556
7.392809,-0.203,0.11,0.891,-4.799,-8.293,-24.307
7.394659,-0.196,0.114,0.89,-2.48,-9.773,-32.005
7.396480,-0.19,0.136,0.889,-0.832,-11.009,-39.49
7.398256,-0.192,0.148,0.893,0.275,-12.238,-46.379
7.400035,-0.21,0.137,0.903,1.808,-13.489,-52.963
7.401839,-0.212,0.13,0.906,3.38,-14.572,-58.952
7.403625,-0.209,0.13,0.907,5.066,-15.968,-64.85
7.435318,-0.195,0.136,0.906,6.546,-16.808,-71.144
7.435774,-0.177,0.134,0.941,7.721,-17.616,-76.271
7.436188,-0.171,0.115,0.947,9.125,-18.379,-80.261
7.436636,-0.164,0.145,0.95,10.513,-18.517,-83.931
7.437057,-0.108,0.119,0.974,11.063,-19.241,-86.876
7.437478,-0.029,0.123,0.991,12.306,-18.059,-89.561
7.437900,-0.091,0.06,1.031,13.68,-18.105,-91.805
7.478817,0.069,0.08,0.977,14.328,-15.656,-93.582
7.479246,0.019,0.083,0.962,14.923,-15.381,-94.513
7.479656,0.156,0.097,0.919,15.678,-12.939,-95.596
7.480071,0.136,0.056,0.932,17.395,-10.59,-95.955
7.480486,0.162,0.085,0.941,18.234,-9.354,-96.367
7.480897,0.16,0.154,0.902,18.204,-6.416,-96.413
7.481306,0.136,0.157,0.99,18.623,-5.356,-95.49
7.522849,0.26,0.236,1.002,18.051,-2.243,-94.429
7.523278,0.172,0.213,1.012,18.188,-0.618,-92.453
7.523677,0.214,0.213,1.005,18.631,2.312,-90.477
7.524075,0.166,0.241,0.999,18.86,4.745,-87.448
7.524490,0.225,0.278,0.958,18.99,6.958,-84.198
7.524893,0.18,0.411,0.909,17.906,9.743,-81.123
7.525301,0.107,0.476,0.878,16.449,11.742,-76.782
7.566980,0.088,0.532,0.841,14.801,13.687,-70.648
7.567444,0.064,0.587,0.865,13.298,14.923,-63.896
7.567853,0.037,0.62,0.878,10.994,16.945,-57.61
7.568259,-0.039,0.64,0.893,8.644,17.166,-51.079
7.568714,-0.076,0.678,0.895,6.531,18.219,-43.167
7.569130,-0.13,0.746,0.901,4.059,18.372,-34.195
7.569540,-0.117,0.808,0.872,1.091,18.753,-24.033
7.610589,-0.16,0.798,0.848,-2.426,18.715,-14.511
7.611044,-0.14,0.744,0.839,-5.913,19.379,-4.074
7.611531,-0.156,0.67,0.86,-8.621,19.173,5.966
7.611942,-0.161,0.64,0.853,-11.383,19.15,15.457
7.612357,-0.193,0.614,0.859,-14.511,18.959,25.65
7.612791,-0.233,0.568,0.868,-17.334,18.181,35.812
7.613209,-0.203,0.553,0.845,-19.676,18.219,45.433
7.653927,-0.244,0.507,0.848,-22.697,17.822,53.909
7.654361,-0.222,0.518,0.836,-25.482,17.181,61.836
7.654775,-0.268,0.442,0.895,-28.229,16.762,69.519
7.655187,-0.217,0.406,0.886,-29.221,16.251,75.645
7.655600,-0.237,0.295,0.907,-29.945,15.053,82.375
7.656016,-0.239,0.309,0.903,-29.762,13.992,87.303
7.656433,-0.214,0.339,0.931,-30.563,14.076,91.499
7.697403,-0.263,0.385,0.938,-32.12,12.55,94.444
7.697846,-0.272,0.442,0.891,-33.691,10.971,97.45
7.698261,-0.157,0.34,0.896,-34.546,11.208,99.525
7.698675,-0.188,0.24,0.896,-34.744,10.887,99.823
7.699088,-0.235,0.238,0.893,-34.286,9.56,100.121
7.699501,-0.212,0.237,0.909,-33.569,8.476,99.686
7.740891,-0.175,0.263,0.896,-32.867,8.057,98.618
7.742735,-0.197,0.255,0.875,-32.982,7.034,95.856
7.744580,-0.231,0.236,0.876,-31.815,5.936,92.064
7.746377,-0.222,0.253,0.886,-30.884,4.562,88.295
7.748161,-0.189,0.258,0.906,-29.61,3.86,83.672
7.749971,-0.222,0.258,0.91,-29.19,2.739,78.201
7.751759,-0.19,0.207,0.925,-27.618,1.953,73.021
7.784339,-0.157,0.165,0.937,-25.818,1.366,66.605
7.786361,-0.094,0.187,0.916,-23.659,1.022,58.975
7.788279,-0.08,0.219,0.877,-22.27,0.71,51.453
7.790219,-0.128,0.202,0.868,-20.142,0.504,43.06
7.792120,-0.179,0.188,0.89,-18.105,-0.343,34.821
7.794062,-0.217,0.189,0.901,-15.511,-0.587,26.482
7.795978,-0.261,0.227,0.892,-13.557,-2.083,18.013
7.827847,-0.271,0.227,0.898,-11.642,-2.892,9.27
7.829868,-0.239,0.192,0.895,-9.575,-4.219,0.786
7.831842,-0.165,0.166,0.888,-7.011,-4.845,-8.621
7.833857,-0.146,0.164,0.888,-4.387,-5.325,-17.677
7.835782,-0.151,0.18,0.886,-2.831,-5.92,-26.825
7.837740,-0.2,0.18,0.892,-0.946,-6.561,-34.622
7.839647,-0.226,0.179,0.906,0.847,-7.401,-41.786
7.871031,-0.261,0.165,0.9,2.739,-8.133,-48.172
7.873050,-0.264,0.147,0.897,4.57,-9.468,-56.076
7.874972,-0.266,0.16,0.884,6.226,-10.841,-62.691
7.876920,-0.271,0.156,0.876,7.599,-12.054,-69.87
7.878861,-0.234,0.143,0.884,9.079,-13.123,-75.706
7.880760,-0.191,0.127,0.892,10.994,-13.931,-81.162
7.882637,-0.17,0.109,0.906,12.756,-14.626,-86.418
7.913767,-0.169,0.135,0.907,14.336,-15.068,-91.789
7.915656,-0.142,0.156,0.919,15.411,-15.762,-95.924
7.917586,-0.112,0.149,0.943,16.899,-15.564,-98.969
7.919479,-0.114,0.164,0.956,17.776,-16.045,-101.044
7.921411,-0.137,0.198,0.955,18.463,-16.144,-102.615
7.950714,-0.141,0.246,0.95,18.86,-16.151,-104.225
7.952792,-0.141,0.255,0.939,19.005,-16.029,-104.195
7.957717,-0.131,0.228,0.941,19.394,-16.19,-104.324
7.959713,-0.091,0.252,0.923,19.318,-15.816,-102.905
7.961730,-0.04,0.26,0.913,19.775,-14.969,-101.639
7.963669,0.037,0.243,0.918,19.524,-13.542,-100.235
7.965654,0.041,0.236,0.936,18.929,-12.794,-97.336
7.967613,0.116,0.323,0.935,18.135,-10.918,-94.986
7.971643,0.128,0.304,0.97,17.479,-8.804,-91.454
8.001879,0.181,0.302,0.961,16.747,-6.569,-87.99
8.003781,0.158,0.349,0.97,15.953,-4.25,-83.374
8.005678,0.178,0.385,0.996,15.099,-1.64,-77.225
8.007506,0.136,0.465,0.969,13.26,0.229,-69.862
8.009351,0.179,0.482,0.937,10.986,2.586,-61.852
8.011153,0.167,0.503,0.918,8.812,5.058,-54.71
8.013075,0.157,0.561,0.902,5.844,7.034,-46.562
8.045178,0.067,0.596,0.876,3.38,9.262,-37.369
8.047129,-0.017,0.673,0.877,0.275,10.147,-26.253
8.048952,-0.043,0.706,0.875,-3.746,11.681,-13.71
8.050705,-0.038,0.649,0.884,-6.95,12.901,-1.862
8.052432,-0.074,0.666,0.888,-9.399,14.053,8.232
8.054231,-0.164,0.698,0.897,-12.062,14.694,17.586
8.056015,-0.185,0.726,0.902,-15.549,15.45,29.808
8.088647,-0.243,0.762,0.899,-19.157,14.954,43.289
8.090420,-0.24,0.736,0.883,-22.789,15.556,57.091
8.092185,-0.245,0.675,0.867,-26.619,15.022,68.588
8.093979,-0.188,0.642,0.853,-29.922,16.22,80.513
8.095764,-0.247,0.656,0.851,-33.661,15.915,95.253
8.097588,-0.311,0.682,0.817,-37.689,15.427,110.542
8.099396,-0.325,0.675,0.799,-42.122,14.809,125.511
8.131974,-0.299,0.63,0.823,-46.852,14.61,139.168
8.133817,-0.34,0.543,0.863,-49.423,14.046,152.344
8.135624,-0.381,0.528,0.863,-52.254,13.069,164.925
8.137439,-0.37,0.53,0.877,-55.649,12.024,177.17
8.139228,-0.37,0.439,0.9,-58.38,10.841,188.011
8.141051,-0.309,0.378,0.894,-59.83,10.796,197.25
8.142836,-0.322,0.355,0.881,-60.883,9.995,204.384
8.175634,-0.254,0.442,0.871,-63.309,9.987,210.762
8.177452,-0.26,0.413,0.85,-65.788,9.575,217.506
8.179268,-0.237,0.319,0.876,-66.093,10.46,222.664
8.181054,-0.232,0.276,0.875,-65.872,9.773,225.571
8.182849,-0.179,0.25,0.897,-64.499,11.169,226.646
8.184720,-0.148,0.35,0.905,-64.888,11.971,227.448
8.217267,-0.213,0.327,0.92,-65.659,12.016,228.31
8.219060,-0.167,0.245,0.947,-63.759,12.695,228.096
8.220874,-0.164,0.219,0.921,-61.653,12.642,226.173
8.222667,-0.106,0.179,0.935,-59.349,14.458,222.183
8.224468,-0.157,0.207,0.919,-57.793,14.961,217.545
8.226265,-0.137,0.225,0.883,-55.588,15.541,212.944
8.228097,-0.119,0.234,0.848,-53.185,15.77,208.435
8.260889,-0.065,0.222,0.832,-51.132,17.685,203.003
8.262696,-0.165,0.259,0.836,-49.271,17.975,197.136
8.264502,-0.259,0.296,0.864,-47.112,16.396,191.75
8.266293,-0.159,0.184,0.877,-46.196,17.288,185.28
8.268080,-0.312,0.127,0.929,-44.556,15.091,178.101
8.269908,-0.385,0.148,0.968,-42.961,13.451,171.738
8.271718,-0.4,0.209,0.94,-42.313,10.216,165.657
8.304717,-0.273,0.224,0.909,-42.13,7.896,159.317
8.306482,-0.077,0.22,0.882,-42.465,7.385,151.421
8.308249,-0.181,0.072,0.858,-41.42,5.783,142.418
8.310034,-0.169,0.033,0.871,-38.963,4.257,133.514
8.311814,-0.152,0.065,0.887,-36.629,3.075,123.68
8.313606,-0.11,0.125,0.899,-35.21,1.945,112.373
8.315363,-0.136,0.158,0.93,-33.463,0.542,99.709
8.348360,-0.172,0.116,0.942,-31.487,-1.099,87.585
8.350158,-0.118,0.071,0.958,-29.091,-1.968,74.966
8.351924,-0.053,0.037,0.965,-25.696,-3.181,61.172
8.353715,-0.016,0.07,0.948,-22.827,-3.906,46.822
8.355453,0.011,0.088,0.942,-19.989,-4.639,32.318
8.357221,0.055,0.088,0.92,-17.891,-4.883,18.219
8.358952,0.038,0.076,0.924,-15.701,-5.707,3.967
8.391360,0.007,0.059,0.945,-13.252,-6.393,-9.338
8.393232,-0.012,0.076,0.948,-11.337,-7.782,-21.927
8.395040,-0.006,0.076,0.951,-9.033,-8.781,-34.172
8.396860,-0.003,0.037,0.95,-7.591,-10.246,-46.005
8.398627,0.0,0.023,0.929,-5.508,-10.849,-56.61
8.400427,-0.013,0.051,0.929,-3.616,-12.375,-66.696
8.402229,0.036,0.059,0.92,-1.816,-13.023,-76.408
8.434469,0.045,0.038,0.922,-0.389,-13.87,-86.243
8.436218,0.038,0.027,0.926,1.64,-14.221,-96.069
8.438013,0.015,0.014,0.942,3.944,-15.213,-105.408
8.439806,-0.008,0.031,0.943,5.821,-16.273,-115.059
8.441593,0.005,0.016,0.955,7.82,-17.38,-124.725
8.443415,-0.009,0.018,0.964,10.422,-18.288,-133.751
8.475754,0.008,0.068,0.967,12.695,-18.959,-142.868
8.477593,-0.003,0.019,0.942,14.351,-19.806,-151.718
8.479427,0.043,-0.038,0.957,17.288,-20.645,-159.981
8.481258,0.057,-0.067,0.95,20.126,-20.668,-168.648
8.483074,0.092,-0.046,0.951,22.644,-20.325,-176.414
8.484911,0.058,-0.02,0.95,24.765,-21.378,-182.495
8.486741,0.09,-0.031,0.948,26.962,-21.088,-188.026
8.518901,0.066,-0.039,0.975,28.625,-21.629,-192.68
8.520804,0.078,-0.022,0.988,30.693,-21.378,-197.151
8.522629,0.074,-0.034,1.025,32.127,-21.294,-200.195
8.524449,0.136,-0.013,1.059,34.019,-21.095,-202.225
8.526280,0.126,-0.026,1.064,35.4,-20.462,-204.391
8.528115,0.142,-0.05,1.044,36.194,-19.272,-205.528
8.529961,0.134,-0.131,0.984,37.819,-17.86,-205.429
8.562308,0.193,-0.151,0.977,39.848,-15.793,-203.789
8.564126,0.133,-0.156,0.943,39.902,-14.763,-202.019
8.565967,0.328,-0.093,0.936,40.955,-10.139,-200.714
8.567777,0.179,-0.081,1.033,41.275,-10.391,-198.677
8.569582,0.38,-0.016,0.997,42.48,-3.998,-198.013
8.571380,0.194,-0.056,1.063,44.418,-3.311,-194.672
8.573181,0.157,0.099,1.043,44.029,-0.389,-191.032
8.606850,0.226,0.076,1.017,43.587,1.77,-186.241
8.608800,0.217,0.13,0.995,43.686,4.944,-180.87
8.610636,0.28,0.135,0.965,43.701,7.339,-175.293
8.612521,0.251,0.241,0.899,43.381,11.024,-169.098
8.614363,0.194,0.408,0.885,40.558,13.626,-161.308
8.616189,0.13,0.585,0.855,37.193,15.739,-152.008
8.618098,-0.015,0.63,0.871,33.363,17.128,-139.923
8.650318,-0.062,0.679,0.874,30.296,19.325,-127.769
8.652285,-0.319,0.763,0.921,26.375,18.021,-116.486
8.654231,-0.328,0.85,0.874,21.828,17.883,-105.08
8.656093,-0.461,0.907,0.939,17.754,16.594,-88.005
8.657983,-0.377,0.941,0.896,13.817,16.068,-67.917
8.659813,-0.283,0.941,0.816,8.301,15.686,-51.552
8.692218,-0.104,0.834,0.789,3.609,16.769,-37.216
8.694192,-0.086,0.763,0.772,-0.587,17.876,-22.865
8.696045,-0.244,0.82,0.777,-4.509,18.707,-5.722
8.697938,-0.425,0.921,0.761,-10.872,17.204,13.924
8.699776,-0.534,0.927,0.798,-16.548,15.999,32.669
8.701639,-0.561,0.844,0.807,-21.873,15.373,50.827
8.703480,-0.575,0.716,0.857,-26.222,14.107,68.069
8.735651,-0.501,0.72,0.83,-30.304,11.848,83.71
8.737597,-0.505,0.706,0.815,-35.179,10.536,98.717
8.739455,-0.459,0.665,0.786,-40.169,8.698,114.204
8.741328,-0.485,0.594,0.808,-43.06,7.568,130.333
8.743153,-0.44,0.537,0.796,-45.731,6.332,145.828
8.745026,-0.38,0.577,0.806,-49.11,5.959,160.072
8.746876,-0.334,0.596,0.819,-52.948,5.463,172.302
8.779628,-0.346,0.563,0.845,-56.862,5.44,183.54
8.781811,-0.351,0.553,0.859,-59.479,4.288,194.397
8.783903,-0.406,0.494,0.887,-61.951,3.807,204.544
8.785958,-0.432,0.465,0.892,-64.415,2.762,213.791
8.787774,-0.45,0.509,0.884,-66.01,1.9,221.962
8.789692,-0.441,0.495,0.904,-68.1,1.381,230.37
8.791621,-0.277,0.504,0.849,-70.053,1.999,237.564
8.823223,-0.213,0.438,0.854,-71.159,3.113,243.294
8.825428,-0.086,0.417,0.865,-71.724,5.409,248.94
8.827566,-0.106,0.466,0.881,-72.395,7.309,249.992
8.829753,-0.079,0.442,0.916,-74.387,9.644,249.992
8.831824,-0.167,0.346,0.945,-74.181,10.109,249.992
8.833988,-0.263,0.21,0.946,-71.198,11.734,249.992
8.835990,-0.408,0.322,1.088,-68.23,10.269,249.992
8.866018,-0.16,0.323,0.806,-68.306,9.056,249.992
8.867816,-0.21,0.316,0.763,-64.209,11.047,249.992
8.869611,-0.141,0.392,0.761,-67.726,8.659,249.992
8.871400,-0.167,0.11,0.886,-61.073,12.215,246.246
8.873214,-0.203,0.135,0.893,-60.951,10.01,240.509
8.875025,-0.393,-0.01,0.791,-56.58,9.46,233.849
8.876853,-0.283,-0.028,0.94,-55.542,9.575,227.211
8.909209,-0.192,0.104,0.764,-56.709,8.057,220.787
8.911002,-0.389,-0.045,0.952,-54.459,7.683,214.035
8.912789,-0.171,0.137,0.81,-56.297,4.272,206.505
8.914582,-0.203,-0.024,0.925,-54.779,3.326,198.898
8.916369,-0.135,-0.079,0.917,-53.505,1.038,189.568
8.918188,-0.017,-0.046,0.906,-51.003,0.793,177.895
8.920028,-0.023,-0.119,0.998,-48.157,-0.198,166.275
8.952402,0.108,-0.025,0.978,-45.898,0.0,153.389
8.954242,-0.017,-0.04,1.029,-43.503,-0.809,140.953
8.956037,0.106,-0.041,0.973,-41.527,-1.106,127.563
8.957849,0.076,-0.091,0.96,-37.56,-1.442,113.548
8.959617,0.113,-0.102,0.932,-33.997,-1.564,98.976
8.961427,0.136,-0.054,0.9,-31.075,-1.228,83.405
8.994389,0.081,-0.034,0.915,-28.564,-2.495,68.565
8.996214,0.114,-0.021,0.909,-26.772,-2.716,54.909
8.998010,0.068,-0.065,0.931,-24.979,-3.693,40.894
8.999775,0.168,-0.126,1.009,-22.285,-4.311,26.833
9.001562,0.154,-0.148,1.01,-19.646,-5.043,13.298
9.003309,0.176,-0.147,1.016,-17.365,-5.615,0.343
9.005158,0.2,-0.15,1.009,-14.9,-6.203,-13.023
9.037252,0.22,-0.169,0.979,-12.794,-6.317,-26.627
9.039065,0.181,-0.151,0.969,-10.391,-6.813,-39.032
9.040867,0.148,-0.134,0.96,-7.599,-7.034,-50.278
9.042635,0.124,-0.089,0.94,-5.104,-7.599,-60.501
9.044399,0.129,-0.055,0.929,-3.67,-8.469,-70.412
9.046439,0.137,-0.069,0.931,-1.938,-8.926,-80.276
9.048199,0.129,-0.07,0.953,0.282,-9.285,-89.63
9.080362,0.156,-0.076,0.96,2.22,-9.293,-98.595
9.082180,0.139,-0.063,0.962,3.662,-10.254,-107.521
9.083947,0.152,-0.064,0.973,5.096,-9.903,-116.333
9.085758,0.143,-0.068,1.006,7.339,-10.612,-124.176
9.087549,0.09,-0.063,1.006,9.064,-11.398,-131.05
9.089389,0.098,-0.083,0.994,10.941,-11.65,-138.321
9.091224,0.104,-0.072,0.987,12.375,-12.169,-145.309
9.123393,0.093,-0.051,0.969,13.68,-12.985,-151.718
9.125242,0.102,-0.042,0.953,16.075,-12.993,-158.272
9.127062,0.089,-0.053,0.948,17.372,-13.397,-164.429
9.128897,0.104,-0.044,0.949,18.852,-13.512,-169.701
9.130713,0.083,-0.077,0.975,20.721,-14.061,-174.332
9.132561,0.131,-0.076,0.973,22.522,-14.214,-178.864
9.134397,0.139,-0.112,1.0,23.918,-13.351,-184.441
9.166538,0.166,-0.11,1.008,25.826,-13.077,-188.24
9.168350,0.103,-0.127,1.066,28.29,-12.718,-192.299
9.170190,0.103,-0.138,1.045,30.655,-12.558,-195.854
9.172001,0.026,-0.112,1.012,31.754,-12.711,-198.883
9.173835,0.081,-0.076,0.93,32.356,-12.756,-201.538
9.175672,0.08,-0.155,0.905,33.493,-11.856,-202.919
9.208175,0.119,-0.234,0.916,35.82,-10.994,-203.217
9.209993,0.251,-0.271,0.986,37.895,-8.858,-205.391
9.211785,0.073,-0.257,1.03,39.993,-8.423,-207.047
9.213595,0.314,-0.213,1.016,40.901,-6.378,-207.26
9.215390,0.098,-0.249,1.078,42.091,-4.41,-207.794
9.217204,0.143,-0.244,1.055,43.922,-3.83,-206.184
9.219019,0.214,-0.249,1.007,46.181,-1.884,-204.399
9.252155,0.23,-0.225,0.965,47.966,-0.153,-203.354
9.253945,0.229,-0.073,0.891,48.965,1.999,-202.454
9.255685,0.276,0.046,0.886,48.66,4.585,-201.096
9.257453,0.202,0.137,0.885,46.783,6.66,-199.219
9.259194,0.109,0.155,0.926,45.982,8.308,-194.099
9.260982,-0.028,0.195,0.989,46.089,9.346,-188.66
9.262791,-0.043,0.264,1.008,45.372,10.056,-184.792
9.295442,-0.105,0.344,1.037,44.334,10.307,-180.939
9.297267,-0.109,0.382,1.045,42.892,11.07,-176.361
9.299065,-0.152,0.51,0.998,41.389,11.597,-169.51
9.300874,-0.159,0.521,0.926,39.284,11.429,-160.545
9.302667,-0.137,0.549,0.854,36.545,12.665,-152.733
9.304479,-0.095,0.561,0.802,33.661,12.794,-145.164
9.306290,-0.077,0.542,0.787,31.296,14.679,-136.505
9.339311,-0.171,0.545,0.791,29.205,14.679,-126.137
9.341141,-0.166,0.684,0.791,26.07,15.778,-113.472
9.342934,-0.261,0.77,0.844,22.087,15.839,-100.06
9.344720,-0.253,0.801,0.89,17.776,16.205,-86.334
9.346482,-0.349,0.769,0.912,13.733,14.954,-72.487
9.348236,-0.347,0.749,0.906,9.888,15.846,-58.922
9.350015,-0.426,0.804,0.879,6.287,13.687,-45.242
9.383219,-0.48,0.817,0.814,1.709,13.222,-29.022
9.385012,-0.592,0.915,0.758,-3.731,11.665,-10.468
9.386734,-0.451,0.952,0.697,-9.949,10.757,6.409
9.388491,-0.493,0.827,0.734,-14.702,9.338,23.422
9.390242,-0.451,0.754,0.762,-17.998,8.583,41.199
9.391993,-0.484,0.782,0.803,-22.095,7.721,56.656
9.393778,-0.458,0.812,0.812,-27.176,6.508,71.96
9.426622,-0.556,0.722,0.852,-31.387,5.226,87.868
9.428389,-0.514,0.661,0.858,-34.737,4.333,103.142
9.430181,-0.519,0.677,0.847,-38.002,2.998,117.584
9.431952,-0.494,0.715,0.812,-42.16,1.991,130.02
9.433740,-0.468,0.696,0.792,-46.875,1.373,141.243
9.435517,-0.497,0.614,0.804,-49.789,0.0,152.1
9.437344,-0.468,0.559,0.818,-51.704,-0.717,162.804
9.469755,-0.443,0.591,0.824,-54.169,-1.106,172.424
9.471546,-0.391,0.578,0.807,-56.969,-1.221,181.381
9.473356,-0.35,0.561,0.852,-59.425,-1.137,189.56
9.475147,-0.355,0.515,0.898,-60.623,-0.946,197.197
9.476957,-0.346,0.487,0.917,-62.355,-0.61,203.896
9.478738,-0.281,0.439,0.926,-63.423,0.336,210.152
9.511809,-0.26,0.443,0.915,-64.285,1.083,216.606
9.513642,-0.285,0.436,0.871,-65.285,2.136,223.206
9.515408,-0.261,0.421,0.835,-66.46,3.296,228.355
9.517198,-0.275,0.451,0.832,-67.657,4.082,233.101
9.518964,-0.324,0.472,0.823,-68.748,4.982,237.099
9.520757,-0.345,0.335,0.858,-69.252,5.531,241.44
9.522549,-0.347,0.273,0.888,-68.436,5.325,243.485
9.555523,-0.335,0.253,0.917,-67.589,5.295,244.537
9.557335,-0.288,0.228,0.912,-67.307,5.31,244.453
9.559102,-0.272,0.193,0.918,-67.093,4.791,243.378
9.560888,-0.233,0.151,0.922,-66.139,5.211,242.035
9.562679,-0.224,0.092,0.916,-65.308,5.44,239.769
9.564450,-0.286,0.092,0.924,-63.965,3.662,237.045
9.566246,-0.187,0.122,0.868,-63.667,3.777,233.307
9.598850,-0.273,0.106,0.86,-63.736,2.014,228.737
9.600753,-0.226,0.102,0.854,-63.782,1.099,224.289
9.602566,-0.44,0.008,0.642,-65.086,-3.403,219.65
9.604378,-0.068,-0.062,0.852,-62.79,-2.632,213.219
9.606190,-0.274,0.012,1.049,-62.042,-1.907,204.727
9.608012,-0.263,-0.042,0.963,-58.54,-5.035,199.638
9.609859,-0.125,-0.158,1.097,-55.725,-1.236,194.458
9.641843,-0.055,0.24,0.966,-61.241,-2.457,188.255
9.643700,0.123,-0.302,1.157,-54.039,-1.534,181.007
9.645558,-0.197,-0.203,1.063,-50.774,-1.038,169.838
9.647348,0.171,-0.176,0.963,-49.408,-3.098,158.829
9.649183,-0.044,-0.025,0.867,-46.875,-0.069,147.186
9.650982,0.204,-0.111,0.878,-45.662,-2.533,138.695
9.652833,-0.07,-0.099,0.861,-43.709,-3.471,130.219
9.685314,0.134,0.023,0.845,-43.045,-3.624,120.911
9.687107,0.07,-0.104,0.903,-41.313,-3.952,110.268
9.688895,0.238,-0.127,0.958,-40.237,-3.654,99.327
9.690660,0.24,-0.052,0.977,-38.818,-3.906,89.325
9.692432,0.189,-0.087,0.963,-36.606,-4.707,77.263
9.694230,0.308,-0.181,1.04,-35.561,-5.15,64.819
9.696013,0.134,-0.253,1.027,-32.562,-5.478,53.352
9.728501,0.246,-0.202,1.044,-29.266,-6.279,40.039
9.730272,0.197,-0.176,0.981,-26.97,-6.981,28.244
9.732038,0.287,-0.176,0.935,-25.078,-6.668,15.266
9.733808,0.309,-0.194,0.959,-22.491,-6.828,2.419
9.735573,0.276,-0.171,0.939,-20.34,-6.584,-9.995
9.737396,0.236,-0.202,0.925,-18.005,-6.912,-22.27
9.739203,0.174,-0.249,1.004,-15.373,-7.324,-33.684
9.771462,0.23,-0.27,1.03,-13.245,-7.217,-44.937
9.773287,0.178,-0.277,1.066,-10.765,-8.171,-55.275
9.775055,0.24,-0.288,1.049,-8.27,-7.614,-64.194
9.776837,0.182,-0.284,1.02,-6.378,-7.98,-72.838
9.778601,0.233,-0.346,1.036,-3.967,-7.759,-80.193
9.780384,0.224,-0.385,0.991,-1.564,-7.523,-87.715
9.813097,0.176,-0.363,0.953,0.328,-6.905,-94.849
9.814868,0.195,-0.412,0.951,2.93,-6.783,-100.883
9.816662,0.132,-0.385,0.941,4.951,-6.523,-107.048
9.818430,0.175,-0.41,0.995,6.699,-6.462,-112.366
9.820195,0.143,-0.412,0.988,9.254,-5.905,-117.371
9.822007,0.194,-0.417,1.024,11.398,-5.89,-122.749
9.823817,0.187,-0.414,1.051,13.39,-5.608,-127.472
9.856341,0.212,-0.386,1.03,15.717,-5.028,-132.339
9.858164,0.202,-0.357,0.986,18.349,-4.433,-137.901
9.859954,0.171,-0.349,0.99,20.454,-4.036,-143.12
9.861768,0.205,-0.307,0.993,22.987,-3.517,-148.811
9.863559,0.198,-0.211,0.967,25.452,-2.945,-152.878
9.865377,0.18,-0.125,0.946,26.711,-3.288,-157.692
9.867188,0.216,-0.081,0.95,27.916,-2.274,-162.964
9.899690,0.154,-0.067,0.967,29.182,-2.35,-167.595
9.901506,0.219,-0.063,0.985,30.716,-1.869,-171.112
9.903301,0.154,-0.098,0.993,32.097,-1.633,-173.965
9.905109,0.13,-0.061,0.983,33.958,-1.991,-176.674
9.906898,0.179,-0.039,0.972,34.79,-1.801,-178.604
9.908694,0.128,0.01,0.972,35.271,-2.441,-179.314
9.910480,0.164,0.018,0.928,35.706,-1.869,-179.42
9.943586,0.109,0.033,0.919,36.522,-1.801,-179.489
9.945380,0.196,0.036,0.926,36.942,-1.427,-178.52
9.947152,0.194,0.039,0.92,36.377,-1.19,-178.543
9.948939,0.244,0.021,0.898,35.988,-0.252,-176.598
9.950682,0.18,0.006,0.947,36.842,0.092,-174.644
9.952435,0.181,0.038,0.94,36.507,0.191,-172.623
9.954212,0.192,0.128,0.96,36.575,1.358,-170.517
9.987954,0.181,0.141,0.973,35.149,2.144,-166.885
9.989759,0.104,0.196,0.985,34.096,2.533,-161.537
9.991517,0.072,0.236,0.993,33.325,2.96,-155.884
9.993322,0.111,0.231,0.965,31.494,3.372,-151.527
9.995066,0.133,0.23,0.93,31.036,4.639,-147.987
9.996845,0.121,0.238,0.916,31.273,5.501,-143.608
9.998606,0.042,0.272,0.891,30.975,6.92,-138.298
10.031483,0.044,0.381,0.873,29.32,7.744,-132.622
10.033287,-0.013,0.424,0.876,26.802,8.522,-127.159
10.035057,-0.062,0.429,0.902,24.628,8.614,-121.384
10.036849,-0.134,0.418,0.927,23.537,9.094,-114.624
10.038619,-0.181,0.452,0.951,22.308,8.606,-107.803
10.040394,-0.105,0.473,0.942,19.89,9.102,-100.616
10.042170,-0.151,0.416,0.976,18.089,8.362,-92.331
10.075483,-0.118,0.406,0.935,17.204,9.193,-83.092
10.077490,-0.156,0.466,0.902,15.686,9.079,-73.509
10.079236,-0.072,0.521,0.854,13.062,9.956,-64.667
10.080979,-0.165,0.565,0.835,8.911,9.933,-56.007
10.082694,-0.251,0.587,0.844,5.623,9.888,-45.418
10.084435,-0.361,0.58,0.869,3.082,8.614,-33.905
10.086185,-0.394,0.603,0.876,0.183,7.629,-22.446
10.119421,-0.385,0.613,0.898,-2.975,6.447,-10.918
10.121256,-0.359,0.569,0.902,-5.981,5.524,0.206
10.123033,-0.336,0.526,0.91,-8.621,4.99,11.826
10.124807,-0.261,0.528,0.895,-9.987,4.951,23.125
10.126554,-0.217,0.545,0.891,-12.436,4.852,33.371
10.128308,-0.209,0.511,0.815,-15.053,4.852,44.312
10.130092,-0.219,0.543,0.848,-17.715,5.608,53.856
10.163239,-0.262,0.558,0.873,-20.195,5.508,64.156
10.165101,-0.302,0.646,0.887,-23.582,6.05,73.837
10.166865,-0.34,0.653,0.89,-27.397,5.241,82.283
10.168635,-0.341,0.521,0.933,-29.434,4.883,91.095
10.170384,-0.312,0.469,0.952,-30.296,5.211,99.091
10.172157,-0.219,0.557,0.921,-31.967,5.302,105.766
10.173975,-0.249,0.586,0.9,-34.592,5.943,113.152
10.206875,-0.266,0.559,0.876,-36.964,5.692,121.155
10.208749,-0.245,0.501,0.888,-38.254,6.134,128.815
10.210538,-0.202,0.445,0.9,-38.757,6.813,135.895
10.212308,-0.215,0.51,0.889,-40.039,7.736,141.693
10.214117,-0.277,0.531,0.903,-41.893,7.355,147.507
10.215913,-0.266,0.497,0.913,-43.861,7.736,154.282
10.217718,-0.296,0.406,0.931,-45.334,7.256,160.049
10.250282,-0.24,0.356,0.933,-45.952,7.294,165.504
10.252063,-0.25,0.326,0.926,-46.41,6.935,169.235
10.253865,-0.227,0.309,0.907,-47.462,6.516,172.302
10.255630,-0.229,0.295,0.896,-48.584,5.989,175.804
10.257417,-0.197,0.291,0.876,-48.584,5.341,178.764
10.259203,-0.207,0.237,0.887,-49.728,5.394,181.259
10.261005,-0.196,0.238,0.886,-50.247,4.631,182.953
10.293723,-0.151,0.193,0.91,-51.208,4.723,184.181
10.295490,-0.161,0.134,0.928,-51.186,3.616,184.891
10.297274,-0.083,0.129,0.928,-50.438,3.883,184.967
10.299043,-0.076,0.191,0.887,-50.377,3.242,183.403
10.300828,-0.077,0.136,0.911,-50.659,2.708,182.068
10.302607,-0.093,0.106,0.922,-50.522,2.068,181.198
10.335542,-0.085,0.094,0.928,-49.797,1.366,179.596
10.337333,-0.065,0.129,0.928,-48.607,1.9,176.14
10.339099,-0.044,0.177,0.92,-49.225,0.847,172.211
10.340855,0.04,0.171,0.929,-49.042,1.556,167.885
10.342652,-0.117,0.125,0.981,-48.996,0.465,164.421
10.344445,-0.064,0.104,0.967,-48.103,-0.351,160.881
10.346264,-0.04,0.018,0.975,-47.997,-0.778,157.349
10.378781,0.008,-0.058,0.945,-47.264,-1.343,152.855
10.380594,0.071,-0.144,0.93,-45.067,-1.099,148.132
10.382386,0.105,-0.163,0.923,-43.907,-0.717,143.196
10.384176,0.127,-0.147,0.913,-42.648,-0.763,138.329
10.385963,0.145,-0.14,0.948,-41.862,0.214,133.85
10.387731,0.05,-0.14,0.984,-41.222,0.061,129.28
10.389554,0.049,-0.196,1.003,-39.787,-0.481,124.39
10.421969,0.071,-0.255,1.003,-37.582,-0.626,117.386
10.423760,0.128,-0.255,0.985,-35.408,-0.664,109.901
10.425598,-0.033,-0.777,0.769,-34.004,-3.983,102.982
10.427362,0.375,-0.6,1.239,-30.197,-0.481,94.399
10.429143,0.402,-0.082,0.711,-32.249,-1.877,85.739
10.430935,-0.097,-0.651,1.193,-22.247,-0.099,80.399
10.432736,0.275,-0.218,0.936,-28.229,-1.907,70.618
10.465422,0.031,-0.287,1.083,-23.392,-0.488,62.66
10.467186,0.124,-0.378,1.067,-20.95,-0.626,54.062
10.468965,0.264,-0.125,0.927,-19.6,-1.442,43.77
10.470730,0.167,-0.328,1.052,-14.984,-0.061,35.66
10.472514,0.337,-0.228,0.946,-14.832,-0.999,25.421
10.474295,0.272,-0.206,0.97,-12.756,-0.153,15.594
10.476052,0.313,-0.24,0.957,-10.406,-0.519,6.5
10.508574,0.287,-0.156,0.966,-8.003,-0.282,-2.35
10.510341,0.317,-0.135,0.961,-6.729,-0.732,-11.932
10.512105,0.28,-0.162,0.949,-5.318,-0.755,-21.721
10.513886,0.286,-0.163,0.994,-4.158,-1.48,-31.403
10.515651,0.272,-0.183,0.984,-2.007,-1.648,-39.597
10.517439,0.338,-0.12,0.972,-0.092,-1.457,-48.187
10.519192,0.331,-0.108,1.017,1.976,-1.747,-56.221
10.552164,0.319,-0.136,0.981,3.799,-1.663,-64.133
10.553931,0.295,-0.09,0.981,4.501,-1.656,-71.526
10.555674,0.305,-0.105,0.966,6.432,-1.717,-78.094
10.557431,0.304,-0.114,0.959,7.652,-1.396,-84.396
10.559167,0.249,-0.116,0.951,9.087,-1.884,-90.683
10.560946,0.251,-0.137,0.973,9.872,-2.472,-96.161
10.562752,0.224,-0.122,0.951,11.314,-2.716,-101.509
10.595157,0.255,-0.118,0.967,12.451,-2.739,-106.903
10.596972,0.219,-0.112,0.972,13.55,-2.556,-111.732
10.598758,0.25,-0.102,0.964,14.732,-2.533,-116.547
10.600569,0.221,-0.112,0.964,15.717,-2.594,-120.873
10.602360,0.216,-0.135,0.974,17.235,-2.312,-125.938
10.604159,0.199,-0.141,0.981,18.745,-2.304,-129.631
10.636777,0.084,-0.152,0.986,20.096,-2.647,-132.713
10.638565,0.125,-0.106,0.971,21.98,-2.93,-136.215
10.640347,0.167,-0.066,0.96,22.24,-2.304,-139.832
10.642158,0.123,-0.073,0.954,22.797,-2.022,-141.846
10.643948,0.09,-0.084,0.973,23.674,-2.159,-143.616
10.645749,0.081,-0.088,0.962,24.117,-1.778,-145.119
10.647557,0.107,-0.078,0.957,24.918,-1.923,-147.125
10.680151,0.143,-0.077,0.955,25.627,-1.48,-149.323
10.681958,0.083,-0.095,0.97,26.421,-1.35,-151.802
10.683746,0.09,-0.082,0.962,27.725,-1.228,-153.183
10.685550,0.094,-0.054,0.95,28.908,-0.671,-155.128
10.687335,0.101,-0.043,0.954,29.396,-0.298,-157.173
10.689120,0.096,-0.039,0.949,30.83,0.366,-158.539
10.690877,0.087,0.009,0.939,32.12,0.992,-160.408
10.724000,0.086,0.035,0.912,31.99,1.266,-161.453
10.725765,0.06,0.032,0.946,32.898,1.991,-160.927
10.727526,-0.027,0.041,0.943,33.409,1.755,-159.294
10.729311,-0.019,0.101,0.94,32.684,1.48,-156.952
10.731047,0.01,0.117,0.959,32.562,2.525,-155.197
10.732833,-0.009,0.113,0.972,31.876,2.701,-153.114
10.734620,-0.023,0.173,0.962,31.54,2.556,-148.514
10.767643,-0.02,0.229,0.949,30.777,3.41,-143.089
10.769441,-0.042,0.312,0.938,28.664,3.067,-138.0
10.771206,-0.032,0.354,0.92,27.245,3.967,-133.049
10.772986,-0.115,0.36,0.944,25.642,3.273,-127.907
10.774753,-0.092,0.376,0.93,23.941,3.838,-122.177
10.776541,-0.12,0.354,0.944,22.903,3.403,-116.661
10.778318,-0.089,0.338,0.945,21.904,3.716,-110.527
10.811733,-0.11,0.361,0.931,20.744,3.586,-103.882
10.813569,-0.077,0.388,0.911,19.585,4.433,-97.488
10.815320,-0.103,0.42,0.906,17.769,4.829,-90.5
10.817079,-0.1,0.455,0.896,15.366,5.31,-83.733
10.818816,-0.186,0.461,0.902,13.664,5.325,-75.775
10.820581,-0.213,0.496,0.905,11.749,4.99,-66.643
10.822325,-0.233,0.536,0.905,9.262,4.959,-57.312
10.855455,-0.268,0.527,0.915,6.561,4.89,-47.867
10.857201,-0.233,0.534,0.928,3.853,4.639,-38.498
10.858918,-0.257,0.56,0.914,0.862,3.769,-27.969
10.860673,-0.25,0.563,0.917,-1.915,3.845,-17.906
10.862391,-0.255,0.568,0.906,-4.807,3.624,-6.638
10.864090,-0.239,0.56,0.897,-7.446,3.609,3.67
10.865841,-0.233,0.532,0.899,-9.651,3.777,13.443
10.899071,-0.234,0.534,0.897,-11.719,3.815,23.483
10.900833,-0.238,0.556,0.879,-13.779,3.799,33.363
10.902574,-0.249,0.579,0.881,-16.296,4.044,42.618
10.904312,-0.251,0.567,0.882,-19.066,3.731,52.177
10.906069,-0.272,0.564,0.887,-21.713,3.372,60.684
10.907815,-0.274,0.571,0.884,-23.918,3.151,70.496
10.909589,-0.276,0.556,0.902,-26.405,2.769,78.873
10.942663,-0.246,0.516,0.923,-28.908,2.998,86.746
10.944407,-0.251,0.505,0.934,-30.609,2.579,95.009
10.946187,-0.219,0.506,0.924,-32.57,2.93,102.89
10.947949,-0.242,0.504,0.917,-34.416,2.663,110.428
10.949736,-0.22,0.481,0.908,-36.568,2.815,118.248
10.951500,-0.223,0.452,0.907,-37.712,3.365,125.656
10.953303,-0.215,0.443,0.901,-39.444,3.128,132.668
10.986258,-0.183,0.419,0.904,-41.489,3.25,139.29
10.988018,-0.18,0.387,0.905,-43.137,3.265,145.042
10.989805,-0.177,0.324,0.931,-44.38,3.395,151.077
10.991568,-0.163,0.299,0.939,-44.907,3.349,156.265
10.993352,-0.154,0.308,0.941,-45.876,3.334,161.354
10.995125,-0.154,0.293,0.943,-47.012,3.38,165.695
10.996925,-0.125,0.241,0.929,-47.775,3.723,169.25
11.030072,-0.127,0.193,0.922,-47.424,3.326,172.958
11.031836,-0.073,0.177,0.905,-47.829,3.525,174.904
11.033628,-0.066,0.185,0.881,-47.844,3.746,176.735
11.035391,-0.084,0.186,0.877,-48.119,3.822,177.856
11.037171,-0.102,0.165,0.896,-48.454,3.319,179.909
11.038944,-0.073,0.176,0.914,-48.195,3.51,180.855
11.040740,-0.08,0.212,0.942,-48.378,2.831,180.542
11.073668,-0.026,0.231,0.983,-50.049,2.838,179.131
11.075433,-0.066,0.144,1.02,-51.346,1.999,177.78
11.077462,-0.052,0.044,1.026,-51.125,1.19,176.353
11.079253,-0.062,-0.098,1.0,-49.5,0.557,174.469
11.081034,0.078,-0.158,0.952,-46.73,1.122,171.181
11.082810,0.111,-0.118,0.916,-45.685,1.335,166.664
11.084613,0.161,-0.051,0.886,-45.296,2.228,162.544
11.117209,0.07,-0.042,0.903,-44.708,2.571,159.691
11.118976,0.006,-0.057,0.899,-44.716,1.831,156.96
11.120760,0.002,-0.147,0.947,-43.968,2.007,152.687
11.122551,-0.023,-0.245,0.973,-42.358,0.908,147.507
11.124317,0.115,-0.297,0.956,-39.879,2.472,140.053
11.126137,0.375,-0.221,0.646,-41.176,-0.557,132.027
11.159390,0.378,-0.28,1.069,-31.639,5.196,124.596
11.161258,0.362,0.216,0.746,-38.048,-0.999,116.371
11.163040,0.186,-0.321,1.047,-28.969,2.121,110.916
11.164836,0.139,-0.443,1.117,-29.198,2.068,102.036
11.166582,0.176,-0.181,0.853,-29.541,0.641,92.102
11.168325,0.078,-0.537,1.14,-22.835,3.105,82.977
11.170132,0.302,-0.246,0.882,-24.879,-0.008,71.594
11.202774,0.283,-0.236,0.966,-19.958,1.526,62.645
11.204572,0.286,-0.239,0.924,-20.302,0.366,52.246
11.206352,0.252,-0.179,0.974,-17.792,-0.13,41.992
11.208111,0.231,-0.233,1.028,-16.266,-0.206,31.708
11.209896,0.292,-0.205,0.991,-13.916,-0.725,20.485
11.211638,0.297,-0.218,1.05,-10.956,-0.237,9.193
11.213442,0.335,-0.134,0.945,-10.231,-0.664,-1.724
11.245721,0.312,-0.186,1.015,-7.195,-0.244,-12.276
11.247509,0.338,-0.164,0.969,-6.287,-1.022,-22.926
11.249300,0.318,-0.182,0.991,-3.204,-0.816,-32.761
11.251069,0.295,-0.228,0.974,-1.183,-0.664,-42.953
11.252833,0.265,-0.275,0.837,1.144,-1.656,-52.185
11.254600,-0.012,-0.458,0.745,5.913,-2.655,-59.563
11.256384,0.027,-0.108,0.924,13.474,-5.875,-66.864
11.289299,1.17,0.31,0.787,12.199,9.987,-77.66
11.291089,-1.037,0.188,1.112,6.126,-7.957,-83.0
11.292848,0.624,0.553,1.085,2.327,-2.029,-84.808
11.294613,-0.371,0.381,1.217,-1.724,-1.183,-86.601
11.296424,-0.366,-0.137,1.101,-3.014,-10.33,-86.182
11.298185,0.757,-0.447,1.051,3.952,-2.335,-92.606
11.299988,0.319,-0.863,1.079,13.13,-3.075,-103.188
11.332353,0.267,-0.604,0.87,19.775,-3.906,-112.953
11.334150,0.487,0.108,0.751,20.905,-0.069,-117.996
11.335944,-0.056,0.53,0.702,13.489,-1.472,-117.523
11.337729,-0.106,0.417,0.792,6.851,-1.938,-112.412
11.339495,-0.086,0.104,0.974,7.965,-4.532,-110.596
11.341331,-0.068,-0.024,1.064,10.185,-7.057,-115.662
11.343136,0.372,-0.221,1.067,11.414,-4.326,-123.543
11.375775,0.219,-0.404,1.127,15.594,-7.446,-128.754
11.377597,0.471,-0.276,1.071,20.653,-3.296,-131.317
11.379395,0.24,-0.077,1.02,21.072,-3.342,-130.959
11.381186,0.306,0.107,0.939,19.737,-0.526,-130.753
11.382954,0.043,0.105,0.958,19.768,-0.999,-131.485
11.384787,-0.044,0.079,0.919,19.699,-2.136,-131.737
11.386606,-0.008,0.084,0.887,18.379,-2.541,-132.011
11.419554,-0.007,0.021,0.93,17.273,-3.166,-131.325
11.421429,0.158,-0.045,0.969,19.035,-4.41,-129.7
11.423223,0.291,-0.083,0.948,19.585,-1.892,-129.593
11.425027,0.222,-0.055,0.97,20.706,-2.319,-128.67
11.426789,0.315,-0.026,0.955,21.858,0.214,-125.938
11.428564,0.151,0.031,1.007,21.828,0.9,-123.39
11.430325,0.068,0.073,1.023,21.37,0.015,-120.369
11.463147,0.092,0.145,0.984,20.096,0.977,-117.31
11.464967,-0.014,0.14,0.957,19.119,-0.504,-114.99
11.466710,0.081,0.16,0.932,19.859,0.244,-113.068
11.468486,0.099,0.184,0.906,19.279,-0.298,-110.786
11.470236,0.159,0.206,0.884,18.616,0.885,-109.116
11.471993,0.106,0.176,0.93,17.929,0.992,-106.804
11.473767,0.167,0.201,0.97,17.471,1.129,-103.371
11.507503,0.107,0.186,0.975,17.25,2.159,-100.601
11.509249,0.073,0.16,1.015,17.113,1.709,-98.572
11.510967,0.113,0.174,1.007,17.265,2.289,-96.603
11.512707,0.033,0.174,0.99,17.151,2.327,-94.078
11.514429,0.077,0.219,0.946,17.044,3.181,-91.331
11.516154,0.042,0.271,0.931,16.312,3.311,-88.47
11.517906,0.046,0.294,0.917,14.542,3.616,-85.77
11.551243,-0.007,0.293,0.913,13.451,4.036,-81.68
11.553010,-0.019,0.263,0.922,12.543,3.83,-78.217
11.554755,-0.057,0.214,0.945,12.238,3.639,-74.699
11.556526,-0.018,0.18,0.968,12.367,3.296,-71.289
11.558244,0.003,0.227,0.938,12.344,3.525,-68.367
11.559991,-0.003,0.275,0.938,11.33,3.815,-65.514
11.561744,0.016,0.293,0.931,10.201,3.838,-62.126
11.595098,-0.004,0.292,0.925,8.682,4.326,-59.036
11.596842,-0.047,0.262,0.943,8.72,4.318,-56.053
11.598559,-0.05,0.242,0.951,8.087,3.99,-53.207
11.600275,-0.047,0.253,0.943,7.843,3.99,-51.483
11.602021,-0.049,0.255,0.944,7.645,3.731,-49.332
11.603745,-0.039,0.264,0.931,6.676,3.807,-46.967
11.605510,-0.047,0.277,0.926,6.607,3.815,-45.097
11.638941,-0.034,0.281,0.928,6.05,3.96,-42.58
11.640687,-0.026,0.296,0.924,4.929,4.105,-40.596
11.642401,-0.041,0.31,0.942,3.99,3.899,-38.49
11.644122,-0.038,0.277,0.945,3.746,4.066,-36.011
11.645861,-0.038,0.274,0.95,3.525,3.754,-34.302
11.647585,-0.017,0.27,0.949,3.334,3.876,-33.249
11.649333,-0.023,0.286,0.936,3.059,3.647,-32.173
11.682787,-0.031,0.262,0.925,2.838,3.975,-31.25
11.684523,-0.043,0.283,0.93,2.174,3.654,-30.251
11.686247,-0.013,0.294,0.926,1.923,3.83,-29.198
11.687977,-0.042,0.285,0.937,1.48,3.693,-28.061
11.689715,-0.031,0.286,0.93,1.419,3.197,-27.153
11.691437,-0.023,0.289,0.931,0.999,3.777,-26.604
11.693192,-0.025,0.27,0.938,0.626,3.273,-25.505
11.726031,-0.025,0.277,0.934,0.229,3.25,-24.849
11.727771,-0.03,0.279,0.934,-0.099,2.8,-23.956
11.729538,-0.015,0.287,0.872,-0.237,3.296,-23.079
11.731278,-0.012,0.295,0.95,-0.618,2.533,-22.629
11.733041,-0.039,0.247,0.952,-0.999,2.8,-21.53
11.734789,-0.047,0.249,0.941,-0.61,2.083,-20.996
11.736566,-0.035,0.294,0.929,-0.877,2.121,-20.241
11.769451,-0.03,0.269,0.93,-1.167,1.77,-19.569
11.771196,-0.017,0.294,0.92,-1.884,1.717,-19.333
11.772957,-0.038,0.281,0.929,-2.052,1.495,-18.761
11.774699,-0.016,0.277,0.92,-2.449,1.564,-18.425
11.776442,-0.033,0.274,0.938,-2.533,1.335,-17.334
11.778209,-0.025,0.255,0.932,-2.312,1.228,-17.517
11.779969,-0.018,0.26,0.943,-2.625,1.022,-17.41
11.812849,-0.007,0.273,0.945,-2.228,0.847,-17.616
11.814590,-0.022,0.28,0.936,-2.747,0.809,-17.12
11.816333,-0.024,0.28,0.938,-3.006,0.71,-16.937
11.818095,-0.02,0.283,0.93,-3.311,0.786,-16.19
11.819835,-0.018,0.277,0.927,-3.128,0.877,-16.479
11.821605,-0.023,0.276,0.928,-3.036,0.74,-16.266
11.823363,-0.031,0.272,0.933,-3.189,0.748,-16.106
11.856225,-0.022,0.273,0.939,-3.136,0.526,-16.251
11.857995,-0.027,0.27,0.931,-3.555,0.267,-15.594
11.859738,-0.018,0.261,0.932,-3.685,0.587,-15.61
11.861514,-0.022,0.267,0.941,-3.86,0.366,-15.167
11.863259,-0.015,0.261,0.938,-3.906,0.351,-14.565
11.865027,-0.017,0.247,0.951,-4.051,0.305,-13.962
11.866765,0.0,0.251,0.945,-4.066,0.336,-13.496
11.899600,-0.033,0.262,0.923,-4.242,0.343,-13.13
11.901389,-0.035,0.255,0.929,-4.501,-0.061,-12.833
11.903110,0.019,0.258,0.932,-4.303,0.214,-12.451
11.904874,-0.01,0.257,0.938,-4.41,0.153,-11.909
11.906616,-0.018,0.244,0.945,-4.707,0.031,-11.307
11.908369,-0.003,0.243,0.937,-4.539,0.122,-11.23
11.910122,0.022,0.248,0.953,-5.051,0.336,-10.933
11.943704,0.013,0.243,0.948,-4.929,0.45,-10.315
11.945444,0.024,0.24,0.94,-4.799,0.565,-10.338
11.947158,0.025,0.247,0.949,-4.921,0.679,-10.048
11.948874,0.019,0.26,0.941,-4.593,1.022,-9.941
11.950566,0.008,0.244,0.944,-5.409,1.19,-9.865
11.952265,0.016,0.248,0.94,-4.768,1.137,-9.59
11.953992,0.015,0.255,0.94,-5.135,1.328,-8.636
11.987787,0.016,0.249,0.939,-5.142,1.495,-8.514
11.989542,0.027,0.257,0.936,-5.188,1.564,-8.232
11.991240,0.021,0.261,0.94,-5.112,1.358,-8.438
11.992956,0.022,0.251,0.931,-5.318,1.709,-7.889
11.994656,0.013,0.259,0.935,-5.219,1.587,-7.538
11.996353,0.011,0.267,0.942,-5.562,1.617,-7.21
11.998081,0.007,0.257,0.94,-5.463,1.45,-7.164
12.031677,0.004,0.258,0.939,-5.516,1.404,-6.653
12.033412,0.007,0.259,0.935,-5.577,1.312,-6.798
12.035116,0.008,0.259,0.935,-6.172,1.45,-6.706
12.036831,0.016,0.258,0.928,-5.798,1.236,-6.233
12.038527,0.023,0.258,0.927,-6.187,1.297,-5.997
12.040220,0.003,0.257,0.936,-5.89,0.923,-5.783
12.041946,0.009,0.251,0.939,-5.676,1.007,-5.653
12.074981,-0.001,0.242,0.949,-5.829,1.183,-5.829
12.076705,0.007,0.252,0.939,-5.898,1.083,-5.577
12.078421,-0.004,0.26,0.935,-6.05,0.893,-5.348
12.080139,-0.005,0.26,0.933,-5.974,0.732,-5.241
12.081880,-0.01,0.253,0.935,-5.875,0.664,-5.173
12.083822,-0.013,0.253,0.932,-5.966,0.648,-5.295
12.085650,-0.003,0.254,0.928,-6.393,0.412,-5.28
12.087366,0.031,0.244,0.945,-6.104,0.748,-5.447
12.120978,0.023,0.259,0.945,-6.454,0.999,-5.486
12.122673,0.028,0.244,0.947,-5.943,1.48,-5.447
12.124367,0.016,0.233,0.952,-5.981,1.213,-5.31
12.126082,0.061,0.236,0.955,-6.035,1.823,-5.424
12.127774,0.024,0.227,0.962,-5.623,2.197,-5.692
12.129499,0.017,0.225,0.945,-5.516,2.289,-5.257
12.131205,0.014,0.25,0.946,-5.28,2.396,-5.63
12.164965,0.034,0.25,0.938,-5.371,2.808,-5.211
12.166713,0.018,0.239,0.952,-5.875,3.525,-4.295
12.168415,0.032,0.242,0.916,-5.417,3.654,-4.051
12.170126,0.051,0.388,0.853,-8.194,3.25,-3.761
12.171824,0.041,0.091,1.003,-5.608,4.7,-3.662
12.173569,0.087,-0.084,1.171,-4.326,5.348,-3.349
12.175313,-0.13,0.241,0.987,-5.836,1.93,-4.059
12.208679,0.035,0.181,0.976,-4.448,3.822,-4.12
12.210383,0.011,0.201,0.961,-5.676,4.143,-3.426
12.212075,0.083,0.347,0.881,-6.729,3.197,-2.197
12.213790,0.011,0.224,0.871,-5.913,3.914,-0.542
12.215507,-0.019,0.145,0.952,-5.997,3.807,-1.488
12.217266,0.01,0.236,0.945,-6.729,3.99,-1.831
12.219006,-0.041,0.132,1.006,-5.234,2.869,-1.61
12.252396,-0.015,0.23,0.955,-4.898,3.113,-0.748
12.254137,-0.003,0.282,0.928,-5.737,2.876,-0.191
12.255808,0.032,0.286,0.929,-5.859,2.747,0.061
12.257521,0.021,0.285,0.917,-6.271,3.029,-0.809
12.259216,0.058,0.305,0.892,-6.325,2.769,-1.32
12.260930,0.003,0.232,0.935,-6.203,3.09,-1.373
12.262663,-0.039,0.209,0.94,-6.126,2.792,-1.335
12.296098,0.009,0.239,0.94,-5.28,3.235,-1.534
12.297842,-0.005,0.277,0.973,-4.829,3.105,-2.251
12.299559,-0.006,0.283,0.953,-5.745,3.304,-3.006
12.301296,-0.001,0.247,0.948,-5.806,3.464,-3.098
12.302989,0.015,0.259,0.954,-5.318,3.876,-2.739
12.304697,0.036,0.263,0.94,-4.997,4.211,-2.876
12.306400,0.032,0.285,0.933,-5.104,4.311,-4.12
12.339610,0.021,0.272,0.936,-4.906,4.433,-4.616
12.341355,-0.029,0.261,0.938,-5.035,3.975,-4.868
12.343071,-0.002,0.252,0.938,-4.333,4.463,-4.242
12.344806,-0.024,0.276,0.936,-4.951,4.112,-3.7
12.346523,-0.033,0.265,0.922,-5.165,4.013,-3.784
12.348236,-0.022,0.24,0.941,-5.119,4.12,-4.272
12.349987,-0.004,0.251,0.931,-5.112,4.066,-4.776
12.383215,-0.011,0.252,0.941,-4.845,4.143,-4.684
12.384964,-0.045,0.259,0.943,-5.066,4.005,-4.623
12.386678,-0.032,0.255,0.936,-5.043,3.723,-4.646
12.388397,-0.035,0.255,0.928,-5.203,3.624,-4.395
12.390132,-0.015,0.24,0.93,-5.005,3.601,-4.959
12.391851,-0.034,0.251,0.93,-4.86,3.41,-5.661
12.393600,-0.034,0.262,0.92,-5.035,3.242,-6.393
12.427211,-0.041,0.257,0.935,-4.639,3.235,-6.371
12.429059,-0.031,0.251,0.936,-4.616,3.098,-6.378
12.430805,-0.031,0.263,0.941,-4.677,2.808,-6.241
12.432554,-0.041,0.255,0.936,-4.578,2.693,-7.401
12.434273,-0.014,0.249,0.935,-4.593,2.96,-8.362
12.435992,-0.037,0.256,0.937,-4.395,2.693,-9.018
12.437745,-0.023,0.261,0.926,-3.983,2.975,-9.3
12.439479,-0.04,0.275,0.93,-4.128,2.686,-9.575
12.472211,-0.042,0.268,0.927,-4.105,2.586,-10.33
12.474029,-0.037,0.257,0.916,-3.731,2.945,-10.75
12.475814,-0.021,0.257,0.93,-3.777,2.525,-11.414
12.477613,-0.032,0.265,0.938,-3.7,2.876,-12.1
12.479365,-0.059,0.269,0.935,-3.426,2.403,-12.627
12.481140,-0.039,0.271,0.944,-3.334,2.403,-12.817
12.482896,-0.053,0.267,0.931,-3.426,1.915,-13.771
12.515857,-0.024,0.257,0.922,-3.265,2.251,-13.977
12.517733,-0.059,0.257,0.924,-3.067,2.174,-14.801
12.519511,-0.031,0.275,0.917,-2.777,2.09,-15.694
12.521292,-0.052,0.271,0.925,-3.357,2.129,-15.701
12.523036,-0.058,0.263,0.932,-3.075,1.869,-16.19
12.524821,-0.067,0.266,0.937,-2.579,1.648,-16.106
12.526579,-0.046,0.271,0.922,-2.907,1.724,-16.197
12.559101,-0.047,0.27,0.925,-2.876,1.396,-17.029
12.560883,-0.053,0.263,0.932,-2.747,1.289,-17.654
12.562629,-0.053,0.256,0.926,-2.403,0.999,-17.685
12.564367,-0.049,0.269,0.931,-2.38,0.992,-17.555
12.566137,-0.042,0.281,0.92,-2.762,1.106,-17.83
12.567896,-0.054,0.255,0.926,-2.357,0.748,-18.814
12.569676,-0.045,0.252,0.935,-1.961,1.053,-18.517
12.602662,-0.026,0.293,0.929,-1.938,0.969,-18.623
12.604559,-0.031,0.317,0.929,-2.769,0.999,-18.227
12.606356,-0.065,0.281,0.929,-3.113,0.961,-18.074
12.608116,-0.059,0.25,0.944,-2.403,0.671,-17.586
12.609900,-0.042,0.287,0.924,-2.632,0.664,-17.464
12.611658,-0.045,0.31,0.914,-2.739,0.854,-16.808
12.613453,-0.073,0.302,0.92,-3.487,0.595,-16.06
12.646111,-0.076,0.292,0.924,-3.105,0.351,-15.823
12.647951,-0.045,0.297,0.917,-3.426,0.381,-15.533
12.649762,-0.035,0.299,0.922,-3.616,0.443,-15.388
12.651535,-0.057,0.291,0.929,-3.685,0.183,-15.35
12.653331,-0.061,0.28,0.936,-3.159,0.465,-14.969
12.655086,-0.037,0.288,0.933,-3.723,0.534,-14.908
12.656878,-0.033,0.291,0.933,-3.418,0.557,-14.229
12.689228,-0.055,0.282,0.938,-3.441,0.496,-14.549
12.690981,-0.062,0.275,0.927,-3.418,0.549,-14.397
12.692743,-0.033,0.285,0.922,-3.67,0.603,-14.496
12.694482,-0.045,0.284,0.916,-3.609,0.923,-14.687
12.696220,-0.054,0.267,0.92,-3.304,0.443,-14.481
12.697992,-0.062,0.275,0.93,-3.616,0.58,-14.084
12.730691,-0.041,0.276,0.929,-4.028,0.328,-13.878
12.732432,-0.035,0.272,0.935,-3.99,0.877,-13.062
12.734196,-0.042,0.271,0.93,-3.7,0.519,-13.283
12.735931,-0.038,0.282,0.93,-3.807,0.717,-12.527
12.737686,-0.039,0.285,0.928,-4.311,0.488,-12.405
12.739421,-0.035,0.277,0.927,-4.356,0.732,-11.192
12.741197,-0.047,0.279,0.935,-4.089,0.771,-10.902
12.774432,-0.052,0.283,0.921,-4.486,0.542,-10.918
12.776255,-0.058,0.3,0.922,-4.654,0.328,-10.536
12.778043,-0.042,0.296,0.921,-4.898,0.641,-10.834
12.779798,-0.062,0.294,0.924,-4.646,0.32,-10.147
12.781576,-0.057,0.283,0.93,-4.471,0.458,-10.551
12.783317,-0.056,0.298,0.92,-4.707,0.42,-10.078
12.785098,-0.038,0.292,0.92,-4.662,0.198,-10.551
12.817647,-0.045,0.286,0.93,-4.379,0.42,-10.521
12.819411,-0.041,0.284,0.923,-4.822,0.557,-10.62
12.821178,-0.044,0.29,0.925,-4.509,0.511,-10.635
12.822927,-0.046,0.287,0.923,-4.669,0.504,-10.712
12.824728,-0.046,0.284,0.933,-4.745,0.626,-10.994
12.826470,-0.052,0.272,0.939,-4.822,0.351,-10.841
12.828222,-0.049,0.278,0.929,-4.807,0.633,-10.551
12.861487,-0.031,0.28,0.935,-4.829,0.458,-10.048
12.863264,-0.034,0.285,0.925,-4.86,0.465,-10.147
12.865016,-0.037,0.28,0.924,-4.814,0.519,-9.628
12.866737,-0.03,0.277,0.926,-5.135,0.755,-9.415
12.868468,-0.029,0.283,0.931,-5.638,0.603,-8.949
12.870189,-0.032,0.275,0.936,-5.264,0.725,-8.965
12.871925,-0.041,0.267,0.932,-5.127,0.679,-8.698
12.873683,-0.038,0.284,0.931,-5.074,0.816,-8.148
12.906559,-0.043,0.281,0.93,-5.394,0.793,-8.232
12.908276,-0.035,0.28,0.922,-5.257,1.038,-7.996
12.910022,-0.037,0.287,0.925,-5.196,0.885,-7.202
12.911736,-0.031,0.293,0.924,-5.28,0.923,-7.141
12.913471,-0.031,0.286,0.928,-4.982,1.465,-6.798
12.915200,-0.035,0.288,0.928,-5.463,1.564,-6.66
12.916950,-0.04,0.291,0.928,-5.653,1.396,-5.951
12.950211,-0.04,0.292,0.927,-5.768,1.343,-6.111
12.951934,-0.047,0.299,0.931,-5.791,1.312,-5.272
12.953674,-0.047,0.306,0.927,-5.959,1.511,-4.837
12.955389,-0.049,0.302,0.927,-6.149,1.289,-3.922
12.957127,-0.055,0.306,0.919,-6.325,1.343,-3.67
12.958855,-0.05,0.308,0.917,-6.355,1.884,-3.342
12.960606,-0.052,0.303,0.922,-6.271,1.511,-3.12
12.993665,-0.061,0.299,0.931,-6.592,1.663,-2.968
12.995380,-0.058,0.306,0.924,-6.836,1.45,-2.563
12.997119,-0.061,0.306,0.93,-7.034,1.457,-1.923
12.998846,-0.063,0.294,0.926,-6.79,1.343,-1.999
13.000589,-0.064,0.292,0.924,-7.172,1.274,-1.427
13.002315,-0.065,0.294,0.918,-7.05,1.411,-1.32
13.004052,-0.046,0.285,0.926,-6.92,0.969,-1.282
13.037153,-0.047,0.288,0.89,-7.698,0.786,-2.083
13.038866,-0.101,0.259,0.948,-6.92,1.076,-1.701
13.040602,-0.056,0.301,0.894,-7.05,0.748,-1.19
13.042318,-0.077,0.314,0.91,-7.118,0.694,-0.977
13.044034,-0.057,0.292,0.928,-7.271,0.87,-0.664
13.045788,-0.055,0.278,0.938,-7.69,0.603,-1.335
13.047523,-0.051,0.293,0.917,-7.294,0.801,-1.175
13.080782,-0.061,0.268,0.945,-6.783,0.969,-0.862
13.082506,-0.072,0.298,0.934,-7.248,0.694,-0.542
13.084237,-0.06,0.308,0.908,-7.362,0.748,-0.511
13.085976,-0.053,0.281,0.914,-7.324,1.167,-0.389
13.087693,-0.056,0.283,0.923,-7.423,0.87,-0.023
13.089409,-0.04,0.288,0.921,-7.233,1.167,0.214
13.091114,-0.071,0.274,0.95,-6.95,1.175,0.183
13.124744,-0.045,0.295,0.936,-7.5,1.198,-0.252
13.126441,-0.058,0.293,0.936,-7.156,1.137,0.343
13.128138,-0.06,0.27,0.933,-7.317,1.144,0.183
13.129851,-0.051,0.286,0.928,-7.294,1.045,0.191
13.131542,-0.044,0.281,0.919,-7.202,1.045,0.175
13.133274,-0.054,0.288,0.915,-7.591,1.152,0.008
13.134991,-0.065,0.286,0.922,-7.462,1.48,0.038
13.167690,-0.074,0.271,0.936,-7.095,1.167,0.374
13.168098,-0.063,0.282,0.927,-7.065,1.236,0.206
13.168507,-0.062,0.274,0.933,-7.24,1.259,-0.816
13.168909,-0.032,0.272,0.906,-7.111,1.122,-1.556
13.169309,-0.063,0.283,0.931,-7.294,1.007,-1.297
13.169709,-0.047,0.278,0.925,-6.989,1.045,-1.32
13.170116,-0.08,0.293,0.926,-7.179,0.664,-1.434
13.211208,-0.05,0.272,0.931,-7.118,0.908,-2.19
13.211640,-0.076,0.257,0.932,-6.859,0.305,-3.105
13.212041,-0.075,0.271,0.918,-6.531,0.404,-3.242
13.212463,-0.097,0.3,0.919,-6.66,-0.13,-3.601
13.212864,-0.108,0.286,0.916,-6.683,0.084,-3.105
13.213268,-0.089,0.29,0.926,-6.538,-0.313,-2.792
13.213677,-0.05,0.297,0.908,-6.729,-0.191,-3.227
13.254166,-0.058,0.277,0.916,-6.645,-0.168,-4.623
13.254578,-0.042,0.271,0.93,-6.538,-0.061,-5.142
13.254982,-0.066,0.28,0.94,-6.271,-0.336,-5.142
13.255389,-0.067,0.291,0.931,-6.317,-0.092,-5.043
13.255793,-0.068,0.291,0.935,-6.294,-0.282,-4.761
13.256198,-0.05,0.274,0.933,-6.195,-0.221,-5.28
13.256620,-0.042,0.266,0.913,-5.966,-0.206,-6.348
13.297397,-0.041,0.271,0.916,-6.035,-0.198,-6.889
13.297812,-0.053,0.282,0.922,-6.065,-0.099,-6.691
13.298220,-0.056,0.285,0.935,-5.875,-0.191,-6.294
13.298627,-0.042,0.277,0.933,-5.829,-0.191,-6.256
13.299034,-0.03,0.265,0.935,-5.516,-0.099,-6.874
13.299435,-0.03,0.259,0.937,-5.547,0.305,-7.378
13.299838,-0.037,0.264,0.934,-5.577,0.198,-8.003
13.341119,-0.042,0.269,0.933,-5.119,0.221,-7.988
13.341522,-0.037,0.279,0.929,-5.302,0.748,-7.843
13.341922,-0.042,0.279,0.93,-5.356,0.42,-7.736
13.342320,-0.036,0.27,0.924,-5.417,0.481,-7.851
13.342718,-0.031,0.262,0.92,-5.165,0.595,-8.476
13.343123,-0.028,0.278,0.926,-5.478,0.732,-9.132
13.343528,-0.052,0.277,0.937,-5.188,0.443,-8.942
13.384832,-0.042,0.281,0.937,-4.875,0.603,-8.446
13.385234,-0.041,0.285,0.929,-5.142,0.618,-8.453
13.385632,-0.021,0.284,0.924,-4.799,0.877,-8.728
13.386029,-0.032,0.274,0.927,-4.799,1.122,-9.369
13.386426,-0.032,0.276,0.923,-4.745,0.908,-9.72
13.386823,-0.046,0.292,0.926,-4.906,1.045,-9.743
13.387224,-0.044,0.293,0.936,-4.807,0.977,-9.666
13.428190,-0.056,0.284,0.936,-4.852,1.205,-9.766
13.428661,-0.051,0.286,0.932,-4.753,0.931,-9.964
13.429066,-0.032,0.288,0.923,-4.738,1.106,-10.422
13.429471,-0.038,0.29,0.92,-4.501,1.091,-11.383
13.429875,-0.052,0.29,0.934,-4.601,1.083,-11.002
13.430277,-0.041,0.298,0.917,-4.593,1.122,-10.689
13.430686,-0.042,0.306,0.919,-4.57,0.969,-10.559
13.471545,-0.036,0.284,0.93,-4.623,0.946,-11.635
13.471948,-0.048,0.277,0.919,-4.303,0.946,-11.459
13.472351,-0.046,0.289,0.914,-4.379,0.977,-11.955
13.472785,-0.055,0.288,0.922,-4.364,0.832,-11.78
13.473190,-0.053,0.287,0.928,-4.44,0.87,-11.688
13.473593,-0.051,0.286,0.927,-4.265,0.465,-11.62
13.473997,-0.037,0.284,0.918,-4.082,0.732,-12.146
13.515053,-0.037,0.282,0.921,-4.265,0.954,-12.398
13.515459,-0.042,0.281,0.922,-4.074,0.992,-12.81
13.515864,-0.052,0.28,0.925,-4.333,0.809,-12.955
13.516267,-0.054,0.29,0.933,-3.899,1.106,-12.611
13.516680,-0.055,0.284,0.932,-3.845,1.213,-12.695
13.517084,-0.051,0.275,0.923,-3.693,1.251,-12.871
13.517495,-0.052,0.278,0.926,-3.41,1.091,-13.283
13.558557,-0.052,0.285,0.924,-3.937,1.198,-13.573
13.558964,-0.062,0.292,0.925,-3.67,1.152,-13.733
13.559369,-0.064,0.292,0.92,-3.525,1.343,-13.588
13.559772,-0.061,0.29,0.918,-3.616,1.656,-13.794
13.560175,-0.058,0.283,0.919,-3.693,1.427,-13.771
13.560585,-0.061,0.289,0.919,-3.654,1.381,-14.42
13.560997,-0.063,0.292,0.932,-3.288,1.343,-14.618
13.602067,-0.065,0.288,0.923,-3.41,1.549,-14.473
13.602473,-0.076,0.301,0.924,-3.525,1.48,-14.534
13.602876,-0.075,0.3,0.913,-3.242,1.526,-14.732
13.603278,-0.078,0.284,0.923,-3.563,1.488,-14.771
13.603680,-0.08,0.284,0.925,-3.265,1.366,-15.732
13.604081,-0.079,0.299,0.922,-3.204,1.427,-15.015
13.604497,-0.093,0.297,0.921,-3.151,1.564,-15.221
13.645569,-0.089,0.293,0.919,-3.166,1.244,-15.396
13.645974,-0.079,0.288,0.919,-3.136,1.411,-15.221
13.646378,-0.082,0.29,0.915,-2.953,1.099,-15.724
13.646781,-0.08,0.29,0.916,-2.945,1.083,-15.968
13.647183,-0.082,0.289,0.923,-3.181,0.961,-16.312
13.647587,-0.09,0.293,0.914,-3.159,1.183,-15.816
13.647995,-0.088,0.294,0.921,-3.014,1.129,-16.243
13.688985,-0.091,0.296,0.918,-3.288,1.015,-15.892
13.689400,-0.082,0.286,0.921,-2.914,1.198,-16.281
13.689806,-0.088,0.299,0.914,-3.044,0.916,-16.388
13.690210,-0.1,0.302,0.916,-3.014,1.022,-16.449
13.690614,-0.089,0.302,0.921,-2.815,1.03,-16.205
13.691018,-0.097,0.297,0.92,-3.006,0.771,-15.93
13.691428,-0.081,0.296,0.917,-2.716,0.71,-16.251
13.732440,-0.089,0.293,0.918,-2.876,0.816,-16.525
13.732881,-0.076,0.297,0.91,-2.937,0.71,-16.479
13.733286,-0.091,0.302,0.912,-2.815,0.969,-16.51
13.733691,-0.084,0.303,0.917,-2.831,0.717,-16.403
13.734097,-0.09,0.304,0.922,-2.792,0.778,-16.357
13.734502,-0.078,0.304,0.914,-3.044,0.778,-16.212
13.734912,-0.085,0.296,0.918,-3.006,0.595,-16.617
13.776084,-0.084,0.297,0.918,-3.143,0.717,-16.823
13.777896,-0.084,0.307,0.917,-2.777,0.74,-16.342
13.779658,-0.088,0.312,0.918,-2.838,0.771,-16.403
13.781438,-0.083,0.297,0.916,-3.22,0.458,-16.51
13.783199,-0.083,0.302,0.912,-2.831,1.167,-16.472
13.784985,-0.076,0.304,0.916,-3.075,0.824,-16.266
13.786752,-0.081,0.305,0.919,-2.907,1.137,-16.35
13.819318,-0.083,0.301,0.919,-2.472,1.007,-15.839
13.821123,-0.088,0.301,0.929,-3.014,1.137,-16.006
13.822869,-0.082,0.314,0.906,-3.014,0.984,-15.656
13.824635,-0.081,0.308,0.914,-2.975,1.137,-15.572
13.826383,-0.081,0.305,0.919,-3.044,1.053,-15.671
13.828126,-0.085,0.311,0.915,-2.93,1.022,-15.358
13.829915,-0.086,0.311,0.92,-3.258,0.9,-15.327
13.862746,-0.083,0.315,0.915,-3.418,1.198,-14.58
13.864521,-0.086,0.31,0.917,-3.403,1.015,-14.679
13.866269,-0.081,0.315,0.917,-3.525,0.938,-14.801
13.868015,-0.081,0.314,0.912,-3.197,1.259,-14.687
13.869778,-0.088,0.317,0.921,-3.311,1.152,-14.282
13.871522,-0.092,0.313,0.914,-3.319,1.045,-14.023
13.873303,-0.092,0.322,0.915,-3.822,1.328,-13.893
13.906236,-0.095,0.316,0.914,-3.815,1.076,-13.893
13.907989,-0.088,0.312,0.916,-4.082,1.16,-13.123
13.909764,-0.095,0.315,0.91,-3.761,1.083,-13.313
13.911506,-0.096,0.319,0.914,-4.089,1.167,-12.604
13.913274,-0.097,0.322,0.916,-3.952,1.122,-12.474
13.915018,-0.096,0.312,0.911,-4.181,0.977,-12.238
13.916801,-0.091,0.316,0.91,-4.356,1.007,-11.719
13.949749,-0.098,0.318,0.916,-4.219,1.122,-11.482
13.951495,-0.084,0.321,0.915,-4.486,1.122,-11.345
13.953268,-0.103,0.32,0.907,-4.547,0.824,-11.032
13.955012,-0.098,0.311,0.911,-4.517,0.854,-10.849
13.956774,-0.102,0.318,0.911,-4.593,0.763,-10.445
13.958497,-0.096,0.33,0.91,-4.593,0.969,-9.453
13.960230,-0.1,0.319,0.914,-4.852,0.923,-9.552
13.993475,-0.097,0.316,0.916,-4.723,0.877,-9.476
13.995209,-0.095,0.314,0.914,-4.776,1.366,-9.499
13.996951,-0.105,0.321,0.92,-4.883,1.183,-8.85
13.998670,-0.109,0.313,0.91,-5.104,1.053,-8.507
14.000387,-0.103,0.314,0.911,-5.394,0.854,-8.247
14.002122,-0.106,0.316,0.912,-5.31,1.152,-7.713
14.003853,-0.104,0.313,0.907,-5.455,0.946,-7.645
14.037323,-0.111,0.313,0.914,-5.554,1.06,-7.683
14.039046,-0.11,0.321,0.917,-5.455,1.129,-6.805
14.040817,-0.114,0.323,0.921,-5.676,1.282,-6.439
14.042536,-0.117,0.32,0.914,-5.852,1.122,-6.462
14.044248,-0.108,0.313,0.909,-5.814,1.411,-6.363
14.045984,-0.114,0.314,0.907,-5.699,1.137,-5.615
14.047719,-0.112,0.314,0.902,-6.096,1.228,-5.402
14.049470,-0.123,0.323,0.914,-6.02,0.954,-4.959
14.082455,-0.115,0.319,0.908,-6.454,1.411,-4.684
14.084180,-0.126,0.314,0.92,-6.287,1.015,-4.059
14.085923,-0.112,0.315,0.914,-6.195,1.106,-4.074
14.087638,-0.117,0.327,0.906,-6.233,0.847,-3.876
14.089376,-0.122,0.319,0.913,-6.447,0.862,-3.296
14.091106,-0.121,0.321,0.904,-6.256,0.862,-3.044
14.092858,-0.116,0.322,0.908,-6.767,1.091,-2.647
14.126102,-0.117,0.32,0.91,-6.66,1.16,-2.663
14.127959,-0.127,0.292,0.909,-6.729,0.771,-2.129
14.129707,-0.098,0.37,0.893,-6.981,0.9,-2.357
14.131428,-0.119,0.326,0.915,-7.454,0.778,-2.106
14.133163,-0.122,0.271,0.924,-6.447,0.618,-1.488
14.134889,-0.104,0.313,0.906,-6.31,0.732,-0.961
14.136650,-0.093,0.354,0.9,-7.332,0.565,-1.793
14.169829,-0.1,0.329,0.902,-7.797,0.671,-2.083
14.171542,-0.127,0.287,0.923,-7.37,0.267,-1.198
14.173280,-0.104,0.3,0.912,-6.683,0.71,-0.099
14.174972,-0.104,0.357,0.905,-7.195,0.488,0.252
14.176685,-0.081,0.36,0.909,-8.446,0.961,0.488
14.178388,-0.106,0.29,0.936,-7.751,0.748,0.671
14.180096,-0.086,0.281,0.924,-7.187,1.038,1.884
14.213914,-0.082,0.343,0.907,-7.744,1.205,2.922
14.215628,-0.077,0.354,0.903,-9.064,1.244,3.281
14.217353,-0.113,0.296,0.92,-8.469,1.465,3.67
14.219052,-0.108,0.284,0.917,-7.874,1.259,4.15
14.220767,-0.09,0.347,0.898,-8.583,1.35,4.448
14.222466,-0.108,0.354,0.896,-9.789,1.129,4.364
14.224177,-0.118,0.293,0.919,-8.82,1.167,5.028
14.257761,-0.099,0.303,0.917,-8.202,0.832,4.814
14.259460,-0.075,0.335,0.906,-8.781,0.946,4.349
14.261181,-0.095,0.331,0.906,-8.759,1.274,3.258
14.262876,-0.125,0.292,0.918,-8.347,1.152,3.151
14.264593,-0.115,0.306,0.917,-7.729,0.687,3.288
14.266290,-0.094,0.34,0.897,-8.148,1.06,2.411
14.268003,-0.111,0.317,0.906,-8.522,0.557,1.686
14.301313,-0.119,0.264,0.913,-7.698,0.381,1.236
14.303008,-0.117,0.272,0.918,-7.355,0.29,0.549
14.304727,-0.088,0.328,0.909,-7.614,0.565,0.175
14.306444,-0.106,0.307,0.903,-7.988,0.389,-0.549
14.308161,-0.114,0.263,0.923,-7.668,0.175,-0.443
14.309905,-0.088,0.26,0.919,-6.973,0.053,-1.137
14.311638,-0.064,0.301,0.913,-7.271,0.244,-1.564
14.344767,-0.087,0.297,0.91,-7.545,0.603,-2.731
14.346485,-0.102,0.253,0.926,-6.905,0.565,-2.426
14.348197,-0.095,0.269,0.92,-6.302,0.404,-2.472
14.349935,-0.08,0.311,0.908,-6.821,0.626,-2.579
14.351657,-0.09,0.311,0.906,-6.905,0.465,-3.265
14.353390,-0.104,0.278,0.914,-6.737,0.595,-3.532
14.355121,-0.095,0.286,0.919,-6.21,0.351,-3.189
14.388407,-0.086,0.319,0.905,-6.432,0.725,-3.548
14.390166,-0.099,0.322,0.913,-6.744,0.61,-3.876
14.391886,-0.109,0.3,0.917,-6.264,0.778,-4.044
14.393623,-0.096,0.307,0.916,-6.149,0.542,-3.975
14.395343,-0.081,0.333,0.906,-6.668,0.671,-4.494
14.397083,-0.094,0.328,0.909,-6.432,0.954,-4.669
14.398814,-0.113,0.312,0.918,-6.065,0.923,-4.318
14.400562,-0.109,0.327,0.909,-5.867,0.862,-4.082
14.433816,-0.094,0.344,0.906,-6.645,1.091,-4.242
14.435542,-0.103,0.32,0.914,-6.142,1.114,-4.044
14.437279,-0.113,0.305,0.919,-6.218,0.992,-4.013
14.439015,-0.101,0.317,0.91,-6.218,0.984,-3.891
14.440760,-0.101,0.338,0.908,-6.462,1.221,-3.86
14.442489,-0.108,0.318,0.909,-6.767,1.129,-3.403
14.444222,-0.105,0.297,0.916,-6.63,1.213,-2.594
14.477307,-0.099,0.307,0.908,-6.599,1.259,-2.472
14.479034,-0.092,0.323,0.902,-7.088,1.343,-2.563
14.480777,-0.104,0.317,0.917,-7.195,1.297,-2.563
14.482493,-0.114,0.295,0.92,-6.737,1.144,-1.77
14.484205,-0.114,0.312,0.906,-7.225,1.144,-1.556
14.485952,-0.105,0.326,0.904,-7.431,1.266,-0.71
14.487688,-0.106,0.313,0.903,-7.713,1.167,-0.793
14.521153,-0.114,0.296,0.924,-7.034,1.106,-0.458
14.522906,-0.107,0.314,0.907,-7.339,1.053,-0.305
14.524653,-0.1,0.333,0.909,-7.317,0.626,-0.008
14.526350,-0.11,0.322,0.914,-7.423,0.854,0.664
14.528047,-0.114,0.31,0.909,-7.469,0.748,1.007
14.529768,-0.106,0.318,0.909,-7.37,0.565,0.153
14.531480,-0.105,0.33,0.909,-7.797,0.771,0.412
14.565165,-0.116,0.324,0.915,-7.729,0.633,0.58
14.566922,-0.121,0.316,0.913,-7.431,0.633,0.71
14.568677,-0.11,0.33,0.912,-7.515,0.481,0.61
14.570431,-0.103,0.329,0.905,-7.866,0.679,0.313
14.572175,-0.1,0.317,0.912,-7.835,0.519,0.259
14.573933,-0.105,0.311,0.911,-7.355,0.183,0.084
14.575655,-0.098,0.319,0.907,-7.751,0.298,0.008
14.608447,-0.099,0.321,0.91,-7.523,0.572,0.206
14.610211,-0.104,0.301,0.914,-7.431,0.389,-0.191
14.611917,-0.1,0.298,0.918,-7.629,0.648,0.328
14.613670,-0.091,0.309,0.905,-7.439,0.687,-0.481
14.615399,-0.091,0.309,0.908,-7.53,0.587,-0.626
14.617145,-0.102,0.298,0.915,-7.103,0.671,-0.244
14.618876,-0.097,0.287,0.914,-7.317,0.74,-0.313
14.651740,-0.094,0.305,0.912,-7.538,0.809,-0.183
14.653482,-0.089,0.305,0.914,-7.568,0.984,-0.404
14.655203,-0.093,0.292,0.917,-7.126,1.19,-0.488
14.656935,-0.097,0.29,0.916,-7.217,0.87,-0.885
14.658653,-0.091,0.304,0.918,-6.752,0.931,-0.626
14.660374,-0.096,0.315,0.903,-6.981,1.022,-0.465
14.662128,-0.102,0.302,0.905,-7.141,1.205,-0.717
14.695322,-0.096,0.302,0.911,-7.24,1.144,-0.648
14.697073,-0.098,0.313,0.911,-7.034,1.282,-0.702
14.698793,-0.102,0.315,0.912,-6.966,1.129,-1.06
14.700525,-0.112,0.313,0.912,-7.103,1.32,-1.022
14.702241,-0.11,0.313,0.919,-7.004,1.328,-0.946
14.703958,-0.102,0.32,0.905,-6.851,1.053,-0.908
14.705714,-0.102,0.321,0.907,-7.065,1.03,-1.373
14.738808,-0.11,0.311,0.911,-7.195,1.366,-1.534
14.740548,-0.115,0.318,0.916,-6.767,1.076,-1.602
14.742265,-0.112,0.324,0.906,-6.966,1.205,-1.732
14.743980,-0.115,0.322,0.908,-7.195,0.809,-0.931
14.745715,-0.121,0.312,0.909,-7.263,0.732,-1.137
14.747432,-0.112,0.312,0.91,-6.866,0.679,-1.122
14.749190,-0.104,0.32,0.904,-7.065,0.58,-1.236
14.782294,-0.108,0.316,0.904,-7.095,0.603,-1.083
14.784011,-0.108,0.309,0.908,-7.401,0.862,-0.443
14.785756,-0.11,0.313,0.909,-7.256,0.473,-0.542
14.787474,-0.11,0.319,0.905,-7.271,0.32,-0.168
14.789209,-0.099,0.312,0.914,-7.362,0.496,-0.015
14.790927,-0.104,0.299,0.918,-7.202,0.336,-0.137
14.792681,-0.104,0.303,0.915,-7.591,0.42,-0.214
14.826025,-0.1,0.313,0.911,-7.454,0.58,-0.153
14.827745,-0.102,0.312,0.908,-7.904,0.397,-0.175
14.829487,-0.103,0.307,0.913,-7.645,0.458,-0.092
14.831174,-0.094,0.307,0.913,-7.652,0.404,0.191
14.832911,-0.091,0.314,0.912,-7.66,0.488,-0.076
14.834622,-0.1,0.312,0.918,-7.378,0.778,-0.198
14.836329,-0.103,0.306,0.922,-7.5,0.404,0.168
14.838057,-0.093,0.312,0.915,-7.431,0.877,0.168
14.871153,-0.094,0.319,0.911,-7.477,0.931,-0.29
14.872914,-0.092,0.313,0.912,-7.439,0.725,-0.549
14.874632,-0.095,0.307,0.91,-7.385,0.931,-0.61
14.876349,-0.096,0.313,0.91,-7.24,0.679,-0.816
14.878086,-0.097,0.311,0.909,-7.378,1.114,-0.923
14.879814,-0.1,0.313,0.916,-7.217,0.877,-0.809
14.881568,-0.1,0.307,0.91,-7.164,0.679,-0.587
14.914581,-0.094,0.308,0.914,-6.798,0.847,-0.916
14.916303,-0.093,0.31,0.914,-7.156,0.961,-1.076
14.918048,-0.1,0.309,0.914,-7.126,1.129,-1.259
14.919765,-0.102,0.306,0.916,-6.844,1.053,-0.702
14.921498,-0.1,0.315,0.913,-7.301,1.389,-0.832
14.923223,-0.099,0.312,0.913,-7.195,1.068,-1.06
14.924978,-0.102,0.309,0.911,-7.195,1.152,-1.152
